-- --------------------------------------------------------
-- 호스트:                          1.234.53.91
-- 서버 버전:                        10.11.11-MariaDB - MariaDB Server
-- 서버 OS:                        Linux
-- HeidiSQL 버전:                  12.10.0.7000
-- --------------------------------------------------------

/*!40101 SET @OLD_CHARACTER_SET_CLIENT=@@CHARACTER_SET_CLIENT */;
/*!40101 SET NAMES utf8 */;
/*!50503 SET NAMES utf8mb4 */;
/*!40103 SET @OLD_TIME_ZONE=@@TIME_ZONE */;
/*!40103 SET TIME_ZONE='+00:00' */;
/*!40014 SET @OLD_FOREIGN_KEY_CHECKS=@@FOREIGN_KEY_CHECKS, FOREIGN_KEY_CHECKS=0 */;
/*!40101 SET @OLD_SQL_MODE=@@SQL_MODE, SQL_MODE='NO_AUTO_VALUE_ON_ZERO' */;
/*!40111 SET @OLD_SQL_NOTES=@@SQL_NOTES, SQL_NOTES=0 */;

-- 테이블 hellchang.admins 구조 내보내기
CREATE TABLE IF NOT EXISTS `admins` (
  `id` int(11) NOT NULL AUTO_INCREMENT,
  `username` varchar(50) NOT NULL,
  `password` varchar(64) NOT NULL,
  `name` varchar(100) NOT NULL,
  `role` enum('super_admin','admin') DEFAULT 'admin',
  `created_at` timestamp NULL DEFAULT current_timestamp(),
  `updated_at` timestamp NULL DEFAULT current_timestamp() ON UPDATE current_timestamp(),
  PRIMARY KEY (`id`) USING BTREE,
  UNIQUE KEY `username` (`username`) USING BTREE
) ENGINE=InnoDB AUTO_INCREMENT=3 DEFAULT CHARSET=utf8mb4 COLLATE=utf8mb4_general_ci;

-- 테이블 데이터 hellchang.admins:~1 rows (대략적) 내보내기
INSERT IGNORE INTO `admins` (`id`, `username`, `password`, `name`, `role`, `created_at`, `updated_at`) VALUES
	(1, 'admin', '0ffe1abd1a08215353c233d6e009613e95eec4253832a761af28ff37ac5a150c', '관리자', 'super_admin', '2025-07-16 16:59:56', '2025-07-16 16:59:56');

-- 테이블 hellchang.exercise_requests 구조 내보내기
CREATE TABLE IF NOT EXISTS `exercise_requests` (
  `id` int(11) NOT NULL AUTO_INCREMENT,
  `user_id` int(11) NOT NULL,
  `exercise_name` varchar(160) NOT NULL COMMENT '요청된 운동명',
  `status` enum('pending','approved','rejected') NOT NULL DEFAULT 'pending' COMMENT '처리상태',
  `admin_note` text DEFAULT NULL COMMENT '관리자 메모',
  `created_at` timestamp NULL DEFAULT current_timestamp(),
  `updated_at` timestamp NULL DEFAULT current_timestamp() ON UPDATE current_timestamp(),
  PRIMARY KEY (`id`),
  KEY `idx_user_id` (`user_id`),
  KEY `idx_status` (`status`),
  KEY `idx_exercise_name` (`exercise_name`),
  CONSTRAINT `fk_exercise_requests_user` FOREIGN KEY (`user_id`) REFERENCES `users` (`id`) ON DELETE CASCADE
) ENGINE=InnoDB AUTO_INCREMENT=5 DEFAULT CHARSET=utf8mb4 COLLATE=utf8mb4_general_ci COMMENT='운동 등록 요청';

-- 테이블 데이터 hellchang.exercise_requests:~4 rows (대략적) 내보내기
INSERT IGNORE INTO `exercise_requests` (`id`, `user_id`, `exercise_name`, `status`, `admin_note`, `created_at`, `updated_at`) VALUES
	(1, 6, '룧려ㅗ', 'pending', NULL, '2025-08-28 02:00:06', '2025-08-28 02:00:06'),
	(2, 6, 'dagfd', 'pending', NULL, '2025-08-28 02:03:46', '2025-08-28 02:03:46'),
	(3, 6, 'dagfdaaa', 'pending', NULL, '2025-08-28 02:06:01', '2025-08-28 02:06:01'),
	(4, 6, '벤지프레스', 'pending', NULL, '2025-08-28 07:38:16', '2025-08-28 07:38:16');

-- 테이블 hellchang.m_angle 구조 내보내기
CREATE TABLE IF NOT EXISTS `m_angle` (
  `angle_code` varchar(20) NOT NULL COMMENT '각도 코드',
  `name_kr` varchar(50) NOT NULL COMMENT '각도명 (한글)',
  `name_en` varchar(50) NOT NULL COMMENT '각도명 (영문)',
  PRIMARY KEY (`angle_code`)
) ENGINE=InnoDB DEFAULT CHARSET=utf8mb4 COLLATE=utf8mb4_general_ci COMMENT='각도 마스터';

-- 테이블 데이터 hellchang.m_angle:~12 rows (대략적) 내보내기
INSERT IGNORE INTO `m_angle` (`angle_code`, `name_kr`, `name_en`) VALUES
	('Decline', '경사 아래', 'Decline'),
	('Flat', '평평', 'Flat'),
	('Horizontal', '수평', 'Horizontal'),
	('Incline', '경사 위', 'Incline'),
	('Kneeling', '무릎 꿇고', 'Kneeling'),
	('Lying', '누워서', 'Lying'),
	('Prone', '엎드려서', 'Prone'),
	('Seated', '앉아서', 'Seated'),
	('Side', '옆으로', 'Side'),
	('Standing', '서서', 'Standing'),
	('Supine', '뒤집어서', 'Supine'),
	('Vertical', '수직', 'Vertical');

-- 테이블 hellchang.m_body_category 구조 내보내기
CREATE TABLE IF NOT EXISTS `m_body_category` (
  `cat_code` varchar(4) NOT NULL COMMENT '카테고리 코드 (예: C01)',
  `cat_name_kr` varchar(50) NOT NULL COMMENT '카테고리명 (한글)',
  `cat_name_en` varchar(50) NOT NULL COMMENT '카테고리명 (영문)',
  PRIMARY KEY (`cat_code`)
) ENGINE=InnoDB DEFAULT CHARSET=utf8mb4 COLLATE=utf8mb4_general_ci COMMENT='신체부위 카테고리';

-- 테이블 데이터 hellchang.m_body_category:~2 rows (대략적) 내보내기
INSERT IGNORE INTO `m_body_category` (`cat_code`, `cat_name_kr`, `cat_name_en`) VALUES
	('C01', '상체', 'Upper Body'),
	('C02', '하체', 'Lower Body');

-- 테이블 hellchang.m_body_part 구조 내보내기
CREATE TABLE IF NOT EXISTS `m_body_part` (
  `part_code` varchar(4) NOT NULL COMMENT '신체부위 코드 (예: B01)',
  `cat_code` varchar(4) NOT NULL COMMENT '카테고리 코드 (상체/하체)',
  `part_name_kr` varchar(50) NOT NULL COMMENT '신체부위명 (한글)',
  `part_name_en` varchar(50) NOT NULL COMMENT '신체부위명 (영문)',
  PRIMARY KEY (`part_code`),
  KEY `fk_part_category` (`cat_code`),
  CONSTRAINT `fk_part_category` FOREIGN KEY (`cat_code`) REFERENCES `m_body_category` (`cat_code`) ON DELETE CASCADE ON UPDATE CASCADE
) ENGINE=InnoDB DEFAULT CHARSET=utf8mb4 COLLATE=utf8mb4_general_ci COMMENT='신체부위';

-- 테이블 데이터 hellchang.m_body_part:~10 rows (대략적) 내보내기
INSERT IGNORE INTO `m_body_part` (`part_code`, `cat_code`, `part_name_kr`, `part_name_en`) VALUES
	('B01', 'C01', '목', 'Neck'),
	('B02', 'C01', '어깨', 'Shoulder'),
	('B03', 'C01', '가슴', 'Chest'),
	('B04', 'C01', '등', 'Back'),
	('B05', 'C01', '배', 'Abdomen'),
	('B06', 'C01', '팔', 'Arm'),
	('B07', 'C02', '엉덩이', 'Glute/Hip'),
	('B08', 'C02', '허벅지', 'Thigh'),
	('B09', 'C02', '종아리', 'Calf'),
	('B10', 'C02', '발목', 'Ankle');

-- 테이블 hellchang.m_equipment 구조 내보내기
CREATE TABLE IF NOT EXISTS `m_equipment` (
  `equipment_code` varchar(20) NOT NULL COMMENT '장비 코드',
  `name_kr` varchar(50) NOT NULL COMMENT '장비명 (한글)',
  `name_en` varchar(50) NOT NULL COMMENT '장비명 (영문)',
  PRIMARY KEY (`equipment_code`)
) ENGINE=InnoDB DEFAULT CHARSET=utf8mb4 COLLATE=utf8mb4_general_ci COMMENT='장비 마스터';

-- 테이블 데이터 hellchang.m_equipment:~9 rows (대략적) 내보내기
INSERT IGNORE INTO `m_equipment` (`equipment_code`, `name_kr`, `name_en`) VALUES
	('Barbell', '바벨', 'Barbell'),
	('Bodyweight', '맨몸', 'Bodyweight'),
	('Cable', '케이블', 'Cable'),
	('Dumbbell', '덤벨', 'Dumbbell'),
	('Foam Roller', '폼롤러', 'Foam Roller'),
	('Kettlebell', '케틀벨', 'Kettlebell'),
	('Machine', '머신', 'Machine'),
	('Medicine Ball', '메디신볼', 'Medicine Ball'),
	('Resistance Band', '저항밴드', 'Resistance Band');

-- 테이블 hellchang.m_exercise 구조 내보내기
CREATE TABLE IF NOT EXISTS `m_exercise` (
  `ex_id` int(11) NOT NULL AUTO_INCREMENT,
  `name_kr` varchar(120) NOT NULL,
  `name_en` varchar(160) DEFAULT NULL,
  `equipment` varchar(60) DEFAULT NULL COMMENT 'Barbell/Dumbbell/Machine/Bodyweight',
  `equipment_kr` varchar(50) DEFAULT NULL COMMENT '장비명 (한글)',
  `angle` varchar(40) DEFAULT NULL COMMENT 'Flat/Incline/Decline 등',
  `angle_kr` varchar(50) DEFAULT NULL COMMENT '각도명 (한글)',
  `movement` varchar(40) DEFAULT NULL COMMENT 'Press/Pull/Extension/Curl 등',
  `movement_kr` varchar(50) DEFAULT NULL COMMENT '동작명 (한글)',
  `note` varchar(255) DEFAULT NULL,
  PRIMARY KEY (`ex_id`)
) ENGINE=InnoDB AUTO_INCREMENT=103 DEFAULT CHARSET=utf8mb4 COLLATE=utf8mb4_general_ci COMMENT='운동 마스터';

-- 테이블 데이터 hellchang.m_exercise:~77 rows (대략적) 내보내기
INSERT IGNORE INTO `m_exercise` (`ex_id`, `name_kr`, `name_en`, `equipment`, `equipment_kr`, `angle`, `angle_kr`, `movement`, `movement_kr`, `note`) VALUES
	(1, '벤치프레스', 'Barbell Bench Press', 'Barbell', '바벨', 'Flat', '평평', 'Press', '프레스', NULL),
	(2, '인클라인 덤벨 프레스', 'Incline Dumbbell Press', 'Dumbbell', '덤벨', 'Incline', '경사 위', 'Press', '프레스', NULL),
	(3, '라잉 트라이셉스 익스텐션', 'Lying Triceps Extension', 'Barbell/Dumbbell', NULL, 'Flat', '평평', 'Extension', '신전', 'Skull Crusher 포함'),
	(4, '덤벨 벤치 프레스', 'Dumbbell Bench Press', 'Dumbbell', '덤벨', 'Flat', '평평', 'Press', '프레스', NULL),
	(5, '인클라인 바벨 프레스', 'Incline Barbell Press', 'Barbell', '바벨', 'Incline', '경사 위', 'Press', '프레스', NULL),
	(6, '디클라인 바벨 프레스', 'Decline Barbell Press', 'Barbell', '바벨', 'Decline', '경사 아래', 'Press', '프레스', NULL),
	(7, '덤벨 플라이', 'Dumbbell Fly', 'Dumbbell', '덤벨', 'Flat', '평평', 'Fly', '플라이', NULL),
	(8, '케이블 크로스오버', 'Cable Crossover', 'Cable', '케이블', 'Flat', '평평', 'Fly', '플라이', NULL),
	(9, '딥스', 'Dips', 'Bodyweight', '맨몸', 'Flat', '평평', 'Press', '프레스', '가슴/삼두 운동'),
	(10, '푸시업', 'Push-up', 'Bodyweight', '맨몸', 'Flat', '평평', 'Press', '프레스', NULL),
	(11, '바벨 스쿼트', 'Barbell Squat', 'Barbell', '바벨', 'Flat', '평평', 'Squat', '스쿼트', NULL),
	(12, '덤벨 스쿼트', 'Dumbbell Squat', 'Dumbbell', '덤벨', 'Flat', '평평', 'Squat', '스쿼트', NULL),
	(13, '레그 프레스', 'Leg Press', 'Machine', '머신', 'Flat', '평평', 'Press', '프레스', NULL),
	(14, '레그 익스텐션', 'Leg Extension', 'Machine', '머신', 'Flat', '평평', 'Extension', '신전', NULL),
	(15, '레그 컬', 'Leg Curl', 'Machine', '머신', 'Flat', '평평', 'Curl', '컬', NULL),
	(16, '런지', 'Lunge', 'Dumbbell', '덤벨', 'Flat', '평평', 'Lunge', '런지', NULL),
	(17, '스텝업', 'Step Up', 'Dumbbell', '덤벨', 'Flat', '평평', 'Step', NULL, NULL),
	(18, '바벨 데드리프트', 'Barbell Deadlift', 'Barbell', '바벨', 'Flat', '평평', 'Pull', '풀', NULL),
	(19, '덤벨 데드리프트', 'Dumbbell Deadlift', 'Dumbbell', '덤벨', 'Flat', '평평', 'Pull', '풀', NULL),
	(20, '바벨 로우', 'Barbell Row', 'Barbell', '바벨', 'Flat', '평평', 'Pull', '풀', NULL),
	(21, '덤벨 로우', 'Dumbbell Row', 'Dumbbell', '덤벨', 'Flat', '평평', 'Pull', '풀', NULL),
	(22, '케이블 로우', 'Cable Row', 'Cable', '케이블', 'Flat', '평평', 'Pull', '풀', NULL),
	(23, '풀업', 'Pull-up', 'Bodyweight', '맨몸', 'Flat', '평평', 'Pull', '풀', NULL),
	(25, '덤벨 컬', 'Dumbbell Curl', 'Dumbbell', '덤벨', 'Flat', '평평', 'Curl', '컬', NULL),
	(26, '해머 컬', 'Hammer Curl', 'Dumbbell', '덤벨', 'Flat', '평평', 'Curl', '컬', NULL),
	(27, '케이블 컬', 'Cable Curl', 'Cable', '케이블', 'Flat', '평평', 'Curl', '컬', NULL),
	(28, '바벨 오버헤드 프레스', 'Barbell Overhead Press', 'Barbell', '바벨', 'Flat', '평평', 'Press', '프레스', NULL),
	(29, '덤벨 숄더 프레스', 'Dumbbell Shoulder Press', 'Dumbbell', '덤벨', 'Flat', '평평', 'Press', '프레스', NULL),
	(30, '사이드 레터럴 레이즈', 'Side Lateral Raise', 'Dumbbell', '덤벨', 'Flat', '평평', 'Raise', NULL, NULL),
	(31, '프론트 레터럴 레이즈', 'Front Lateral Raise', 'Dumbbell', '덤벨', 'Flat', '평평', 'Raise', NULL, NULL),
	(32, '리어 델트 플라이', 'Rear Delt Fly', 'Dumbbell', '덤벨', 'Flat', '평평', 'Fly', '플라이', NULL),
	(33, '바벨 슈러그', 'Barbell Shrug', 'Barbell', '바벨', 'Flat', '평평', 'Shrug', NULL, NULL),
	(34, '덤벨 슈러그', 'Dumbbell Shrug', 'Dumbbell', '덤벨', 'Flat', '평평', 'Shrug', NULL, NULL),
	(35, '바벨 업라이트 로우', 'Barbell Upright Row', 'Barbell', '바벨', 'Flat', '평평', 'Pull', '풀', NULL),
	(36, '덤벨 업라이트 로우', 'Dumbbell Upright Row', 'Dumbbell', '덤벨', 'Flat', '평평', 'Pull', '풀', NULL),
	(37, '바벨 트라이셉스 익스텐션', 'Barbell Triceps Extension', 'Barbell', '바벨', 'Flat', '평평', 'Extension', '신전', NULL),
	(38, '덤벨 트라이셉스 익스텐션', 'Dumbbell Triceps Extension', 'Dumbbell', '덤벨', 'Flat', '평평', 'Extension', '신전', NULL),
	(39, '케이블 트라이셉스 푸시다운', 'Cable Triceps Pushdown', 'Cable', '케이블', 'Flat', '평평', 'Pushdown', NULL, NULL),
	(40, '딥스(삼두)', 'Dips (Triceps)', 'Bodyweight', '맨몸', 'Flat', '평평', 'Press', '프레스', '삼두 중심'),
	(41, '클로즈 그립 벤치프레스', 'Close Grip Bench Press', 'Barbell', '바벨', 'Flat', '평평', 'Press', '프레스', '삼두 중심'),
	(42, '바벨 트라이셉스 익스텐션', 'Barbell Triceps Extension', 'Barbell', '바벨', 'Flat', '평평', 'Extension', '신전', 'Skull Crusher'),
	(43, '덤벨 트라이셉스 익스텐션', 'Dumbbell Triceps Extension', 'Dumbbell', '덤벨', 'Flat', '평평', 'Extension', '신전', NULL),
	(44, '케이블 트라이셉스 익스텐션', 'Cable Triceps Extension', 'Cable', '케이블', 'Flat', '평평', 'Extension', '신전', NULL),
	(45, '바벨 트라이셉스 킥백', 'Barbell Triceps Kickback', 'Barbell', '바벨', 'Flat', '평평', 'Kickback', NULL, NULL),
	(46, '덤벨 트라이셉스 킥백', 'Dumbbell Triceps Kickback', 'Dumbbell', '덤벨', 'Flat', '평평', 'Kickback', NULL, NULL),
	(47, '케이블 트라이셉스 킥백', 'Cable Triceps Kickback', 'Cable', '케이블', 'Flat', '평평', 'Kickback', NULL, NULL),
	(48, '바벨 트라이셉스 딥스', 'Barbell Triceps Dips', 'Barbell', '바벨', 'Flat', '평평', 'Dips', NULL, NULL),
	(49, '덤벨 트라이셉스 딥스', 'Dumbbell Triceps Dips', 'Dumbbell', '덤벨', 'Flat', '평평', 'Dips', NULL, NULL),
	(50, '케이블 트라이셉스 딥스', 'Cable Triceps Dips', 'Cable', '케이블', 'Flat', '평평', 'Dips', NULL, NULL),
	(51, '덤벨 프레스', 'Dumbbell Press', 'Dumbbell', '덤벨', 'Flat', '평평', 'Press', '프레스', NULL),
	(52, '버티컬 체스트', 'Vertical Chest', 'Machine', '머신', 'Vertical', '수직', 'Press', '프레스', '가슴 상부 중심 운동'),
	(53, '펙 덱 플라이', 'Pec Deck Fly', 'Machine', NULL, 'Seated', NULL, 'Press', NULL, NULL),
	(56, '암 풀 다운', 'Arm Pulldown', 'Cable', '케이블', 'Flat', '평평', 'Pull', '풀', '직선 팔로 광배근 수축 강조'),
	(57, '어시스트 풀업', 'Assisted Pull-up', 'Machine', '머신', 'Flat', '평평', 'Pull', '풀', '풀업 보조 머신 또는 밴드 사용'),
	(58, '랫 풀 다운', 'Lat Pulldown', 'Machine', '머신', 'Seated', '앉아서', 'Pull', '풀', '광배근 발달에 효과적인 기본 운동'),
	(59, '시티드 로우', 'Seated Row', 'Machine', '머신', 'Seated', '앉아서', 'Pull', '풀', '등 중앙부 발달에 효과적인 기본 운동'),
	(60, '바벨 컬', 'Barbell Curl', 'Barbell', '바벨', 'Standing', '서서', 'Curl', '컬', '이두근 발달에 효과적인 기본 운동'),
	(61, '인클라인 덤벨 컬', 'Incline Dumbbell Curl', 'Dumbbell', '덤벨', 'Incline', '경사 위', 'Curl', '컬', '이두근 장두 스트레칭 강조 운동'),
	(62, '벤트 오버 레터럴 레이즈', 'Bent-over Lateral Raise', 'Dumbbell', '덤벨', NULL, NULL, 'Raise', '레이즈', '어깨 측면(측면/후면) 집중'),
	(63, '바벨 백 스쿼트', 'Barbell Back Squat', 'Barbell', '바벨', 'Flat', '평평', 'Squat', '스쿼트', '바벨을 어깨에 올리고 수행하는 기본적인 스쿼트 운동'),
	(64, '파워 레그프레스', 'Power Leg Press', 'Machine', '머신', 'Flat', '평평', 'Press', '프레스', '더 높은 무게로 수행하는 레그 프레스 운동'),
	(65, '아웃타이', 'Outer Thigh', 'Machine', '머신', 'Side', '옆으로', 'Abduction', '외전', '대퇴 외전근을 강화하는 운동'),
	(67, '힙스러스트', 'Hip Thrust', 'Barbell', '바벨', 'Supine', '뒤집어서', 'Thrust', '스러스트', '엉덩이(둔근) 중심의 힙 확장 운동'),
	(68, '어덕션', 'Adduction', 'Machine', '머신', 'Side', '옆으로', 'Adduction', '내전', '대퇴 내전근을 강화하는 운동'),
	(69, '비하인드 넥 프레스', 'Behind Neck Press', 'Barbell', '바벨', 'Standing', '서서', 'Press', '프레스', '어깨 전면과 측면 발달, 목 뒤로 바벨을 내려서 수행'),
	(70, '머신 숄더 프레스', 'Machine Shoulder Press', 'Machine', '머신', 'Seated', '앉아서', 'Press', '프레스', '머신을 이용한 어깨 프레스 운동, 안정적이고 안전한 어깨 발달'),
	(71, '바벨 프론트 레터럴 레이즈', 'Barbell Front Lateral Raise', 'Barbell', '바벨', 'Standing', '서서', 'Raise', '레이즈', '바벨을 이용한 어깨 전면 견고한 레이즈 운동'),
	(72, '고블릿스쿼트', 'Goblet Squat', 'Dumbbell', '', 'Standing', '', 'Squat', '', '덤벨을 가슴 앞에 들고 하는 스쿼트'),
	(73, '프론트 레그컬', 'Front Leg Curl', 'Machine', '', 'Seated', '', 'Curl', '', '앉아서 하는 대퇴사두근 컬 운동'),
	(75, '워킹 런지', 'Walking Lunge', 'Bodyweight', '', 'Standing', '', 'Lunge', '', '앞으로 걸으면서 하는 런지 운동'),
	(76, '라잉 레그컬', 'Lying Leg Curl', 'Machine', '', 'Lying', '', 'Curl', '', '누워서 하는 햄스트링 컬 운동'),
	(77, 'T바 로우', 'T-Bar Row', 'Barbell', '', 'Bent Over', '', 'Row', '', 'T자 모양의 바를 사용한 등 운동'),
	(78, '스미스 스쿼트', 'Smith Machine Squat', 'Machine', '', 'Standing', '', 'Squat', '', '스미스 머신을 사용한 안전한 스쿼트'),
	(79, '오버헤드 익스텐션', 'Overhead Extension', 'Dumbbell', '', 'Standing', '', 'Extension', '', '팔을 머리 위로 들어 삼두근을 자극하는 운동'),
	(80, '헤머 벤치프레스', 'Hammer Strength Bench Press', 'Machine', '', 'Flat', '', 'Press', '', '헤머 스트렝스 머신을 사용한 벤치프레스'),
	(81, '인클라인 벤치프레스 머신', 'Incline Machine Press', 'Machine', '', 'Incline', '', 'Press', '', '머신을 사용한 인클라인 벤치프레스'),
	(82, '체스트 프레스', 'Chest Press', 'Machine', '', 'Flat', '', 'Press', '', '머신을 사용한 가슴 프레스 운동'),
	(83, '원암 덤벨 로우', 'One-Arm Dumbbell Row', 'Dumbbell', '덤벨', 'Bent Over', '앞으로 구부려서', 'Pull', '풀', '한 팔로 수행하는 덤벨 로우 운동'),
	(84, '비하인드 랫 풀 다운', 'Behind Neck Lat Pulldown', 'Machine', '머신', 'Seated', '앉아서', 'Pull', '풀', '목 뒤로 바를 내려서 수행하는 랫 풀 다운 운동'),
	(85, 'V스쿼트 머신', 'V-Squat Machine', 'Machine', '머신', 'Standing', '서서', 'Squat', '스쿼트', 'V자형 머신을 사용한 안정적인 스쿼트 운동'),
	(86, 'V스쿼트 머신 굿모닝', 'V-Squat Machine Good Morning', 'Machine', '머신', 'Standing', '서서', 'Good Morning', '굿모닝', 'V자형 머신에서 앞으로 구부리며 수행하는 굿모닝 운동, 햄스트링과 둔근 발달'),
	(87, '스플릿 스쿼트', 'Split Squat', 'Bodyweight', '맨몸', 'Standing', '서서', 'Squat', '스쿼트', '한 발을 앞에 두고 다른 발을 뒤에 두고 수행하는 스쿼트 운동'),
	(88, '원레그 데드리프트', 'Single Leg Deadlift', 'Dumbbell', '덤벨', 'Standing', '서서', 'Pull', '풀', '한 발로 균형을 잡으며 수행하는 데드리프트 운동, 햄스트링과 둔근 발달 및 균형감 향상'),
	(89, '맨몸 스쿼트', 'Bodyweight Squat', 'Bodyweight', '맨몸', 'Standing', '서서', 'Squat', '스쿼트', '아무 장비 없이 체중만으로 수행하는 기본 스쿼트 운동'),
	(90, '케이블 프론트 레이즈', 'Cable Front Raise', 'Cable', '케이블', 'Standing', '서서', 'Raise', '레이즈', '케이블을 사용하여 앞으로 팔을 들어올리는 어깨 전면 운동'),
	(91, '스미스 머신 벤치프레스', 'Smith Machine Bench Press', 'Machine', '머신', 'Flat', '평평', 'Press', '프레스', '스미스 머신을 사용한 안전한 벤치프레스 운동'),
	(92, '루마니안 데드리프트', 'Romanian Deadlift', 'Barbell', '바벨', 'Standing', '서서', 'Pull', '풀', '무릎을 덜 구부리고 엉덩이를 뒤로 빼며 수행하는 데드리프트 변형, 햄스트링과 둔근 발달에 효과적'),
	(93, '시티드 레그 프레스', 'Seated Leg Press', 'Machine', '머신', 'Seated', '앉아서', 'Press', '프레스', '앉은 자세로 수행하는 레그 프레스 운동, 대퇴사두근과 둔근 발달'),
	(94, '덤벨 프론트 레터럴 레이즈', 'Dumbbell Front Lateral Raise', 'Dumbbell', '덤벨', 'Standing', '서서', 'Raise', '레이즈', '덤벨을 사용하여 앞으로 팔을 들어올리는 어깨 전면 운동'),
	(95, '페이스풀', 'Face Pull', 'Cable', '케이블', 'Standing', '서서', 'Pull', '풀', '케이블을 얼굴 쪽으로 당겨서 수행하는 어깨 후면과 상부 등근육 발달 운동'),
	(96, '하이 롱 풀', 'High Row', 'Cable', '케이블', 'Standing', '서서', 'Pull', '풀', '높은 위치에서 당기는 로우 운동, 어깨 후면과 등 상부 발달에 효과적'),
	(97, '어시스트 딥스', 'Assisted Dips', 'Machine', '머신', 'Standing', '서서', 'Press', '프레스', '보조 머신 또는 밴드를 사용하여 수행하는 딥스 운동, 가슴과 삼두근 발달'),
	(98, '시티드 레그컬', 'Seated Leg Curl', 'Machine', '머신', 'Seated', '앉아서', 'Curl', '컬', '앉은 자세로 수행하는 햄스트링 컬 운동'),
	(99, '리버스 플라이', 'Reverse Fly', 'Dumbbell', '덤벨', 'Bent Over', '앞으로 구부려서', 'Fly', '플라이', '앞으로 구부려서 팔을 옆으로 펼치는 어깨 후면 운동'),
	(100, '크로스 런지', 'Cross Lunge', 'Bodyweight', '맨몸', 'Standing', '서서', 'Lunge', '런지', '대각선으로 발을 내딛어 수행하는 런지 운동, 대퇴사두근과 둔근 발달 및 코어 안정성 향상'),
	(101, '언더그립 바벨로우', 'Underhand Barbell Row', 'Barbell', '바벨', 'Bent Over', '앞으로 구부려서', 'Pull', '풀', '손을 뒤집어 잡는 바벨로우 운동, 이두근과 등근육 발달에 효과적'),
	(102, '인클라인 덤벨 플라이', 'Incline Dumbbell Fly', 'Dumbbell', '덤벨', 'Incline', '경사 위', 'Fly', '플라이', '인클라인 각도로 수행하는 덤벨 플라이 운동, 가슴 상부 발달에 효과적');

-- 테이블 hellchang.m_exercise_alias 구조 내보내기
CREATE TABLE IF NOT EXISTS `m_exercise_alias` (
  `alias` varchar(160) NOT NULL,
  `ex_id` int(11) NOT NULL,
  PRIMARY KEY (`alias`),
  KEY `idx_alias_ex` (`ex_id`),
  CONSTRAINT `fk_alias_ex` FOREIGN KEY (`ex_id`) REFERENCES `m_exercise` (`ex_id`) ON DELETE CASCADE ON UPDATE CASCADE
) ENGINE=InnoDB DEFAULT CHARSET=utf8mb4 COLLATE=utf8mb4_general_ci COMMENT='운동 별칭';

-- 테이블 데이터 hellchang.m_exercise_alias:~159 rows (대략적) 내보내기
INSERT IGNORE INTO `m_exercise_alias` (`alias`, `ex_id`) VALUES
	('인클라인 DB 프레스', 2),
	('DB 벤치', 4),
	('덤벨 벤치', 4),
	('덤벨 벤치프레스', 4),
	('인클라인 바벨', 5),
	('인클라인 벤치', 5),
	('디클라인 바벨', 6),
	('디클라인 벤치', 6),
	('덤벨 플라이', 7),
	('케이블 크로스', 8),
	('바벨 스쿼트', 11),
	('덤벨 스쿼트', 12),
	('레그 프레스', 13),
	('레그 익스텐션', 14),
	('레그 컬', 15),
	('바벨 데드', 18),
	('바벨 로우', 20),
	('덤벨 로우', 21),
	('덤벨 컬', 25),
	('해머 컬', 26),
	('바벨 숄더', 28),
	('덤벨 숄더', 29),
	('사레레', 30),
	('사이드 레터럴', 30),
	('프론트 레터럴', 31),
	('리어 델트', 32),
	('리얼 델트 플라이', 32),
	('바벨 슈러그', 33),
	('덤벨 슈러그', 34),
	('바벨 업라이트', 35),
	('덤벨 업라이트', 36),
	('바벨 트라이', 37),
	('덤벨 트라이', 38),
	('케이블 트라이', 39),
	('딥스 삼두', 40),
	('클로즈 그립', 41),
	('스컬 크러셔', 42),
	('케이블 트라이 익스텐션', 44),
	('바벨 트라이 킥백', 45),
	('덤벨 트라이 킥백', 46),
	('케이블 트라이 킥백', 47),
	('바벨 트라이 딥스', 48),
	('덤벨 트라이 딥스', 49),
	('케이블 트라이 딥스', 50),
	('덤벨 프레스', 51),
	('버티컬 가슴', 52),
	('버티컬 체스트', 52),
	('스트레이트 암 풀다운', 56),
	('암 풀다운', 56),
	('직선 팔 풀다운', 56),
	('머신 풀업', 57),
	('밴드 풀업', 57),
	('보조 풀업', 57),
	('어시스트 풀다운', 57),
	('풀업 보조', 57),
	('광배 풀다운', 58),
	('라트 풀다운', 58),
	('라트풀다운', 58),
	('랫 풀다운', 58),
	('랫풀다운', 58),
	('백 풀다운', 58),
	('와이드 그립 풀다운', 58),
	('머신 로우', 59),
	('백 로우', 59),
	('시티드 로우', 59),
	('시티드 케이블 로우', 59),
	('시티드로우', 59),
	('앉아서 로우', 59),
	('케이블 시티드 로우', 59),
	('경사 덤벨 컬', 61),
	('경사 위 덤벨 컬', 61),
	('인클라인 덤벨 바이셉 컬', 61),
	('인클라인 덤벨 이두 컬', 61),
	('인클라인 덤벨 컬', 61),
	('인클라인 컬', 61),
	('인클라인덤벨컬', 61),
	('벤트 오버 레터럴', 62),
	('벤트 오버 레터럴 레이즈', 62),
	('벤트오버 레터럴', 62),
	('벤트오버 레터럴 레이즈', 62),
	('벤트오버 레터럴레이즈', 62),
	('바벨 백 스쿼트', 63),
	('파워 레그프레스', 64),
	('아웃타이', 65),
	('Hip Thrust', 67),
	('Hip Thrusts', 67),
	('힙 쓰러스트', 67),
	('힙스러스트', 67),
	('힙쓰러스트', 67),
	('어덕션', 68),
	('Behind Neck Press', 69),
	('넥프레스', 69),
	('비하인드 프레스', 69),
	('비하인드넥프레스', 69),
	('Machine Shoulder Press', 70),
	('머신 어깨 프레스', 70),
	('머신 프레스', 70),
	('머신숄더프레스', 70),
	('숄더 프레스 머신', 70),
	('Barbell Front Lateral Raise', 71),
	('바벨 전면 레이즈', 71),
	('바벨 프론트', 71),
	('바벨 프론트 레이즈', 71),
	('바벨프론트레터럴레이즈', 71),
	('프론트 레터럴 레이즈', 71),
	('Goblet Squat', 72),
	('Goblet Squats', 72),
	('고블릿 스쿼트', 72),
	('고블릿스쿼트', 72),
	('Front Leg Curl', 73),
	('Leg Extension Machine', 73),
	('Quad Curl', 73),
	('대퇴사두근 컬', 73),
	('머신 레그 익스텐션', 73),
	('프론트 레그 컬', 73),
	('Forward Lunge', 75),
	('Walking Lunge', 75),
	('Walking Lunges', 75),
	('걷기 런지', 75),
	('앞으로 런지', 75),
	('워킹 런지', 75),
	('Lying Hamstring Curl', 76),
	('Lying Leg Curl', 76),
	('라잉 레그 컬', 76),
	('머신 레그컬', 76),
	('햄스트링 컬', 76),
	('T-Bar Row', 77),
	('T-Bar Rowing', 77),
	('T바 로잉', 77),
	('T바로우', 77),
	('티 바 로우', 77),
	('티바 로우', 77),
	('티바로우', 77),
	('Smith Machine Squat', 78),
	('Smith Squat', 78),
	('Smith Squats', 78),
	('머신 스쿼트', 78),
	('스미스머신 스쿼트', 78),
	('Overhead Extension', 79),
	('Overhead Extensions', 79),
	('Overhead Tricep Extension', 79),
	('덤벨 오버헤드 익스텐션', 79),
	('삼두 익스텐션', 79),
	('오버헤드 익스텐션', 79),
	('Hammer Bench Press', 80),
	('Hammer Strength Bench Press', 80),
	('Machine Bench Press', 80),
	('머신 벤치프레스', 80),
	('헤머 벤치프레스', 80),
	('헤머 스트렝스 벤치프레스', 80),
	('Incline Bench Press Machine', 81),
	('Incline Machine Press', 81),
	('Incline Press Machine', 81),
	('머신 인클라인 프레스', 81),
	('인클라인 머신 프레스', 81),
	('인클라인 벤치프레스', 81),
	('Chest Press', 82),
	('Chest Press Machine', 82),
	('Machine Chest Press', 82),
	('가슴 프레스', 82),
	('머신 체스트 프레스', 82),
	('체스트 프레스', 82),
	('One-Arm Dumbbell Row', 83),
	('원암 DB 로우', 83),
	('원암 덤벨 로우', 83),
	('원암 로우', 83),
	('원암덤벨로우', 83),
	('원팔 덤벨 로우', 83),
	('한팔 덤벨 로우', 83),
	('Behind Neck Lat Pulldown', 84),
	('넥 랫 풀다운', 84),
	('목 뒤 랫 풀다운', 84),
	('비하인드 넥 랫 풀다운', 84),
	('비하인드 넥 풀다운', 84),
	('비하인드 랫 풀 다운', 84),
	('비하인드 랫 풀다운', 84),
	('비하인드 랫풀다운', 84),
	('V Squat Machine', 85),
	('V 머신 스쿼트', 85),
	('V 스쿼트', 85),
	('V-Squat Machine', 85),
	('V머신 스쿼트', 85),
	('V스쿼트', 85),
	('V스쿼트 머신', 85),
	('V스쿼트머신', 85),
	('V Squat Machine Good Morning', 86),
	('V 머신 굿모닝', 86),
	('V-Squat Machine Good Morning', 86),
	('V머신 굿모닝', 86),
	('V스쿼트 굿모닝', 86),
	('V스쿼트 머신 굿모닝', 86),
	('V스쿼트굿모닝', 86),
	('V스쿼트머신 굿모닝', 86),
	('Single Leg Deadlift', 88),
	('Single-Leg Deadlift', 88),
	('원다리 데드리프트', 88),
	('원레그 DL', 88),
	('원레그 데드리프트', 88),
	('원레그데드리프트', 88),
	('원팔 원레그 데드리프트', 88),
	('한발 데드리프트', 88),
	('Air Squat', 89),
	('Bodyweight Squat', 89),
	('Bodyweight Squats', 89),
	('맨몸 스쿼트', 89),
	('맨몸스쿼트', 89),
	('에어 스쿼트', 89),
	('체중 스쿼트', 89),
	('체중스쿼트', 89),
	('Cable Front Raise', 90),
	('Cable Front Raises', 90),
	('케이블 어깨 전면 레이즈', 90),
	('케이블 전면 레이즈', 90),
	('케이블 프론트 레이즈', 90),
	('케이블 프론트 레터럴 레이즈', 90),
	('케이블 프론트레이즈', 90),
	('케이블프론트레이즈', 90),
	('Smith Bench Press', 91),
	('Smith Machine Bench Press', 91),
	('스미스 머신 벤치프레스', 91),
	('스미스 벤치', 91),
	('스미스 벤치프레스', 91),
	('스미스머신 벤치프레스', 91),
	('스미스머신벤치프레스', 91),
	('RDL', 92),
	('RDL 데드리프트', 92),
	('Romanian Deadlift', 92),
	('루마니안 DL', 92),
	('루마니안 데드리프트', 92),
	('루마니안 스트레이트 레그 데드리프트', 92),
	('루마니안 스트레이트레그 데드리프트', 92),
	('루마니안데드리프트', 92),
	('Seated Leg Press', 93),
	('Seated Leg Press Machine', 93),
	('시티드 레그 프레스', 93),
	('시티드 레그 프레스 머신', 93),
	('시티드 레그프레스', 93),
	('시티드레그프레스', 93),
	('앉은 레그 프레스', 93),
	('앉은자세 레그프레스', 93),
	('DB 프론트 레이즈', 94),
	('Dumbbell Front Lateral Raise', 94),
	('Dumbbell Front Raise', 94),
	('덤벨 어깨 전면 레이즈', 94),
	('덤벨 전면 레이즈', 94),
	('덤벨 프론트 레이즈', 94),
	('덤벨 프론트 레터럴 레이즈', 94),
	('덤벨프론트레터럴레이즈', 94),
	('Face Pull', 95),
	('Face Pulls', 95),
	('얼굴 당기기', 95),
	('케이블 페이스 풀', 95),
	('케이블 페이스풀', 95),
	('페이스 풀', 95),
	('페이스풀', 95),
	('페이스풀 운동', 95),
	('High Row', 96),
	('High Rows', 96),
	('케이블 하이 롱 풀', 96),
	('케이블 하이로우', 96),
	('하이 로우', 96),
	('하이 롱 풀', 96),
	('하이 풀', 96),
	('하이롱풀', 96),
	('Assisted Dips', 97),
	('Assisted Dips Machine', 97),
	('딥스 머신', 97),
	('딥스 보조', 97),
	('머신 딥스', 97),
	('보조 딥스', 97),
	('어시스트 딥스', 97),
	('어시스트딥스', 97),
	('Seated Leg Curl', 98),
	('Seated Leg Curl Machine', 98),
	('시티드 레그 컬', 98),
	('시티드 레그컬', 98),
	('시티드 햄스트링 컬', 98),
	('시티드레그컬', 98),
	('앉은 레그컬', 98),
	('앉은자세 레그컬', 98),
	('Bent Over Reverse Fly', 99),
	('Reverse Flies', 99),
	('Reverse Fly', 99),
	('리버스 플라이', 99),
	('리버스플라이', 99),
	('리어 델트 플라이', 99),
	('벤트 오버 리버스 플라이', 99),
	('어깨 후면 플라이', 99),
	('Cross Lunge', 100),
	('Cross Lunges', 100),
	('Cross Step Lunge', 100),
	('대각선 런지', 100),
	('사이드 크로스 런지', 100),
	('크로스 런지', 100),
	('크로스 스텝 런지', 100),
	('크로스런지', 100),
	('Underhand Barbell Row', 101),
	('Underhand Row', 101),
	('리버스 그립 바벨로우', 101),
	('리버스그립 바벨로우', 101),
	('언더그립 바벨 로우', 101),
	('언더그립 바벨로우', 101),
	('언더그립바벨로우', 101),
	('역그립 바벨로우', 101),
	('Incline Dumbbell Flies', 102),
	('Incline Dumbbell Fly', 102),
	('인클라인 DB 플라이', 102),
	('인클라인 덤벨 플라이', 102),
	('인클라인 덤벨 플라이 운동', 102),
	('인클라인 플라이', 102),
	('인클라인덤벨플라이', 102);

-- 테이블 hellchang.m_exercise_muscle_target 구조 내보내기
CREATE TABLE IF NOT EXISTS `m_exercise_muscle_target` (
  `ex_id` int(11) NOT NULL,
  `muscle_code` varchar(6) NOT NULL,
  `priority` tinyint(4) NOT NULL DEFAULT 1,
  `weight` decimal(4,2) NOT NULL DEFAULT 1.00,
  PRIMARY KEY (`ex_id`,`muscle_code`,`priority`),
  KEY `fk_ex_muscle_m` (`muscle_code`),
  CONSTRAINT `fk_ex_muscle_ex` FOREIGN KEY (`ex_id`) REFERENCES `m_exercise` (`ex_id`) ON DELETE CASCADE ON UPDATE CASCADE,
  CONSTRAINT `fk_ex_muscle_m` FOREIGN KEY (`muscle_code`) REFERENCES `m_muscle` (`muscle_code`) ON DELETE CASCADE ON UPDATE CASCADE
) ENGINE=InnoDB DEFAULT CHARSET=utf8mb4 COLLATE=utf8mb4_general_ci COMMENT='운동-근육 매핑';

-- 테이블 데이터 hellchang.m_exercise_muscle_target:~211 rows (대략적) 내보내기
INSERT IGNORE INTO `m_exercise_muscle_target` (`ex_id`, `muscle_code`, `priority`, `weight`) VALUES
	(1, 'M1201', 2, 0.40),
	(1, 'M1302', 1, 1.00),
	(1, 'M1604', 2, 0.60),
	(2, 'M1301', 1, 1.00),
	(3, 'M1604', 1, 1.00),
	(4, 'M1201', 2, 0.40),
	(4, 'M1302', 1, 1.00),
	(4, 'M1604', 2, 0.60),
	(5, 'M1201', 2, 0.40),
	(5, 'M1301', 1, 1.00),
	(5, 'M1604', 2, 0.55),
	(6, 'M1201', 2, 0.40),
	(6, 'M1303', 1, 1.00),
	(6, 'M1604', 2, 0.55),
	(7, 'M1302', 1, 1.00),
	(7, 'M1304', 2, 0.30),
	(8, 'M1302', 1, 1.00),
	(8, 'M1304', 2, 0.30),
	(9, 'M1302', 1, 0.70),
	(9, 'M1604', 1, 0.70),
	(10, 'M1302', 1, 0.70),
	(10, 'M1604', 1, 0.70),
	(11, 'M2101', 1, 1.00),
	(11, 'M2102', 1, 1.00),
	(11, 'M2103', 2, 0.60),
	(12, 'M2101', 1, 1.00),
	(12, 'M2102', 1, 1.00),
	(12, 'M2103', 2, 0.60),
	(13, 'M2101', 1, 1.00),
	(13, 'M2102', 1, 1.00),
	(13, 'M2103', 2, 0.60),
	(14, 'M2101', 1, 1.00),
	(15, 'M2104', 1, 1.00),
	(16, 'M2101', 1, 1.00),
	(16, 'M2102', 1, 1.00),
	(16, 'M2103', 2, 0.60),
	(17, 'M2101', 1, 1.00),
	(17, 'M2102', 1, 1.00),
	(18, 'M1401', 1, 1.00),
	(18, 'M1402', 1, 1.00),
	(18, 'M1403', 1, 1.00),
	(19, 'M1401', 1, 1.00),
	(19, 'M1402', 1, 1.00),
	(19, 'M1403', 1, 1.00),
	(20, 'M1401', 1, 1.00),
	(20, 'M1402', 1, 1.00),
	(21, 'M1401', 1, 1.00),
	(21, 'M1402', 1, 1.00),
	(22, 'M1401', 1, 1.00),
	(22, 'M1402', 1, 1.00),
	(23, 'M1401', 1, 1.00),
	(23, 'M1402', 1, 1.00),
	(25, 'M1601', 1, 1.00),
	(26, 'M1601', 1, 1.00),
	(27, 'M1601', 1, 1.00),
	(28, 'M1201', 1, 1.00),
	(28, 'M1202', 2, 0.60),
	(29, 'M1201', 1, 1.00),
	(29, 'M1202', 2, 0.60),
	(30, 'M1202', 1, 1.00),
	(31, 'M1201', 1, 1.00),
	(32, 'M1203', 1, 1.00),
	(33, 'M1401', 1, 1.00),
	(34, 'M1401', 1, 1.00),
	(35, 'M1201', 1, 1.00),
	(35, 'M1202', 2, 0.60),
	(36, 'M1201', 1, 1.00),
	(36, 'M1202', 2, 0.60),
	(37, 'M1604', 1, 1.00),
	(38, 'M1604', 1, 1.00),
	(39, 'M1604', 1, 1.00),
	(40, 'M1604', 1, 1.00),
	(41, 'M1302', 2, 0.40),
	(41, 'M1604', 1, 1.00),
	(42, 'M1604', 1, 1.00),
	(43, 'M1604', 1, 1.00),
	(44, 'M1604', 1, 1.00),
	(45, 'M1604', 1, 1.00),
	(46, 'M1604', 1, 1.00),
	(47, 'M1604', 1, 1.00),
	(48, 'M1604', 1, 1.00),
	(49, 'M1604', 1, 1.00),
	(50, 'M1604', 1, 1.00),
	(51, 'M1302', 1, 1.00),
	(51, 'M1604', 2, 0.60),
	(52, 'M1301', 1, 1.00),
	(52, 'M1604', 2, 0.60),
	(53, 'M1201', 2, 0.40),
	(53, 'M1302', 1, 1.00),
	(53, 'M1304', 2, 0.30),
	(56, 'M1208', 2, 0.30),
	(56, 'M1404', 1, 1.00),
	(56, 'M1405', 2, 0.20),
	(56, 'M1604', 2, 0.40),
	(57, 'M1203', 2, 0.40),
	(57, 'M1402', 2, 0.60),
	(57, 'M1403', 2, 0.50),
	(57, 'M1404', 1, 1.00),
	(57, 'M1405', 1, 0.80),
	(57, 'M1601', 2, 0.30),
	(57, 'M1602', 2, 0.30),
	(57, 'M1603', 2, 0.20),
	(58, 'M1203', 2, 0.40),
	(58, 'M1208', 2, 0.30),
	(58, 'M1402', 2, 0.60),
	(58, 'M1403', 2, 0.50),
	(58, 'M1404', 1, 1.00),
	(58, 'M1405', 1, 0.80),
	(58, 'M1601', 2, 0.30),
	(58, 'M1602', 2, 0.30),
	(58, 'M1603', 2, 0.20),
	(59, 'M1203', 2, 0.60),
	(59, 'M1208', 2, 0.50),
	(59, 'M1402', 1, 0.90),
	(59, 'M1403', 1, 0.80),
	(59, 'M1404', 2, 0.20),
	(59, 'M1405', 1, 1.00),
	(59, 'M1601', 2, 0.40),
	(59, 'M1602', 2, 0.40),
	(59, 'M1603', 2, 0.30),
	(60, 'M1201', 2, 0.30),
	(60, 'M1402', 2, 0.20),
	(60, 'M1601', 1, 1.00),
	(60, 'M1602', 1, 1.00),
	(60, 'M1603', 2, 0.60),
	(60, 'M1701', 2, 0.15),
	(61, 'M1201', 2, 0.25),
	(61, 'M1601', 1, 0.80),
	(61, 'M1602', 1, 1.00),
	(61, 'M1603', 2, 0.50),
	(61, 'M1701', 2, 0.15),
	(62, 'M1202', 1, 1.00),
	(62, 'M1203', 2, 0.40),
	(63, 'M2101', 1, 1.00),
	(63, 'M2102', 1, 1.00),
	(63, 'M2103', 2, 0.60),
	(64, 'M2101', 1, 1.00),
	(64, 'M2102', 1, 1.00),
	(64, 'M2103', 2, 0.60),
	(65, 'M2101', 1, 1.00),
	(65, 'M2102', 2, 0.50),
	(65, 'M2103', 2, 0.30),
	(67, 'M1401', 1, 1.00),
	(67, 'M1402', 1, 0.80),
	(67, 'M1403', 2, 0.60),
	(67, 'M2104', 2, 0.40),
	(68, 'M1709', 1, 1.00),
	(68, 'M1710', 1, 0.80),
	(68, 'M1711', 1, 0.90),
	(68, 'M1712', 2, 0.60),
	(68, 'M1713', 2, 0.50),
	(69, 'M1201', 1, 1.00),
	(69, 'M1202', 2, 0.70),
	(69, 'M1604', 2, 0.60),
	(70, 'M1201', 1, 1.00),
	(70, 'M1202', 2, 0.80),
	(70, 'M1604', 2, 0.50),
	(71, 'M1201', 1, 1.00),
	(71, 'M1202', 2, 0.60),
	(72, 'M1601', 2, 0.60),
	(72, 'M1701', 1, 0.90),
	(72, 'M1801', 1, 1.00),
	(72, 'M1802', 1, 0.80),
	(72, 'M1901', 2, 0.70),
	(73, 'M1601', 2, 0.50),
	(73, 'M1801', 1, 1.00),
	(73, 'M1901', 2, 0.60),
	(75, 'M1402', 2, 0.50),
	(75, 'M1601', 2, 0.60),
	(75, 'M1701', 1, 0.90),
	(75, 'M1801', 1, 1.00),
	(75, 'M1802', 1, 0.80),
	(75, 'M1901', 2, 0.70),
	(76, 'M1701', 2, 0.60),
	(76, 'M1802', 1, 1.00),
	(76, 'M1803', 1, 0.90),
	(76, 'M1804', 1, 0.80),
	(77, 'M1203', 1, 0.90),
	(77, 'M1402', 1, 1.00),
	(77, 'M1403', 2, 0.60),
	(77, 'M1404', 1, 0.80),
	(77, 'M1405', 2, 0.70),
	(78, 'M1402', 2, 0.50),
	(78, 'M1601', 2, 0.60),
	(78, 'M1701', 1, 0.90),
	(78, 'M1801', 1, 1.00),
	(78, 'M1802', 1, 0.80),
	(78, 'M1901', 2, 0.70),
	(79, 'M1202', 2, 0.60),
	(79, 'M1501', 1, 1.00),
	(79, 'M1502', 1, 0.90),
	(79, 'M1503', 1, 0.80),
	(79, 'M1601', 2, 0.50),
	(80, 'M1201', 1, 0.80),
	(80, 'M1301', 1, 0.90),
	(80, 'M1302', 1, 1.00),
	(80, 'M1501', 2, 0.70),
	(80, 'M1502', 2, 0.60),
	(80, 'M1503', 2, 0.50),
	(81, 'M1201', 1, 0.80),
	(81, 'M1301', 1, 1.00),
	(81, 'M1302', 1, 0.90),
	(81, 'M1501', 2, 0.70),
	(81, 'M1502', 2, 0.60),
	(81, 'M1503', 2, 0.50),
	(82, 'M1201', 1, 0.80),
	(82, 'M1301', 1, 0.90),
	(82, 'M1302', 1, 1.00),
	(82, 'M1501', 2, 0.70),
	(82, 'M1502', 2, 0.60),
	(82, 'M1503', 2, 0.50),
	(83, 'M1401', 1, 1.00),
	(83, 'M1402', 1, 1.00),
	(84, 'M1203', 2, 0.40),
	(84, 'M1208', 2, 0.30),
	(84, 'M1402', 2, 0.60),
	(84, 'M1403', 2, 0.50),
	(84, 'M1404', 1, 1.00),
	(84, 'M1405', 1, 0.80),
	(84, 'M1601', 2, 0.30),
	(84, 'M1602', 2, 0.30),
	(84, 'M1603', 2, 0.20),
	(85, 'M1801', 1, 0.90),
	(85, 'M1802', 1, 0.80),
	(85, 'M1901', 2, 0.70),
	(85, 'M2101', 1, 1.00),
	(85, 'M2102', 1, 1.00),
	(85, 'M2103', 2, 0.60),
	(86, 'M1402', 2, 0.50),
	(86, 'M1403', 2, 0.40),
	(86, 'M1801', 1, 0.80),
	(86, 'M1802', 2, 0.60),
	(86, 'M1806', 1, 0.90),
	(86, 'M1808', 1, 0.90),
	(86, 'M1809', 1, 0.90),
	(86, 'M2104', 1, 1.00),
	(87, 'M1801', 1, 0.90),
	(87, 'M1802', 1, 0.80),
	(87, 'M1901', 2, 0.70),
	(87, 'M2101', 1, 1.00),
	(87, 'M2102', 1, 1.00),
	(87, 'M2103', 2, 0.60),
	(88, 'M1401', 2, 0.70),
	(88, 'M1402', 2, 0.70),
	(88, 'M1403', 2, 0.60),
	(88, 'M1801', 1, 0.80),
	(88, 'M1802', 1, 0.80),
	(88, 'M1806', 1, 0.90),
	(88, 'M1808', 1, 0.90),
	(88, 'M1809', 1, 0.90),
	(88, 'M2104', 1, 1.00),
	(89, 'M1801', 1, 0.90),
	(89, 'M1802', 2, 0.60),
	(89, 'M2101', 1, 1.00),
	(89, 'M2102', 1, 1.00),
	(89, 'M2103', 2, 0.60),
	(90, 'M1201', 1, 1.00),
	(90, 'M1202', 2, 0.60),
	(91, 'M1201', 2, 0.40),
	(91, 'M1301', 2, 0.90),
	(91, 'M1302', 1, 1.00),
	(91, 'M1604', 2, 0.60),
	(92, 'M1401', 2, 0.60),
	(92, 'M1402', 2, 0.60),
	(92, 'M1403', 2, 0.50),
	(92, 'M1801', 1, 0.85),
	(92, 'M1802', 1, 0.75),
	(92, 'M1806', 1, 0.95),
	(92, 'M1808', 1, 0.95),
	(92, 'M1809', 1, 0.95),
	(92, 'M2104', 1, 1.00),
	(93, 'M1801', 1, 0.90),
	(93, 'M1802', 2, 0.60),
	(93, 'M2101', 1, 1.00),
	(93, 'M2102', 1, 1.00),
	(93, 'M2103', 2, 0.60),
	(94, 'M1201', 1, 1.00),
	(94, 'M1202', 2, 0.60),
	(95, 'M1202', 2, 0.40),
	(95, 'M1203', 1, 1.00),
	(95, 'M1401', 1, 0.80),
	(95, 'M1402', 1, 0.80),
	(95, 'M1403', 1, 0.90),
	(96, 'M1203', 1, 0.90),
	(96, 'M1401', 1, 1.00),
	(96, 'M1402', 1, 0.90),
	(96, 'M1403', 1, 0.90),
	(96, 'M1405', 1, 0.85),
	(96, 'M1601', 2, 0.40),
	(96, 'M1602', 2, 0.40),
	(97, 'M1302', 1, 0.70),
	(97, 'M1604', 1, 1.00),
	(98, 'M1806', 1, 0.95),
	(98, 'M1808', 1, 0.95),
	(98, 'M1809', 1, 0.95),
	(98, 'M2104', 1, 1.00),
	(99, 'M1203', 1, 1.00),
	(100, 'M1801', 1, 0.90),
	(100, 'M1802', 1, 0.80),
	(100, 'M1901', 2, 0.70),
	(100, 'M2101', 1, 1.00),
	(100, 'M2102', 1, 1.00),
	(100, 'M2103', 2, 0.60),
	(101, 'M1401', 1, 1.00),
	(101, 'M1402', 1, 1.00),
	(101, 'M1403', 2, 0.80),
	(101, 'M1601', 1, 0.90),
	(101, 'M1602', 1, 0.90),
	(102, 'M1301', 1, 1.00),
	(102, 'M1302', 2, 0.60),
	(102, 'M1304', 2, 0.30);

-- 테이블 hellchang.m_exercise_zone_target 구조 내보내기
CREATE TABLE IF NOT EXISTS `m_exercise_zone_target` (
  `ex_id` int(11) NOT NULL,
  `zone_code` varchar(7) NOT NULL,
  `priority` tinyint(4) NOT NULL DEFAULT 1 COMMENT '1=Primary, 2=Secondary, 3=Tertiary',
  `weight` decimal(4,2) NOT NULL DEFAULT 1.00 COMMENT '기여도(합계 자유)',
  PRIMARY KEY (`ex_id`,`zone_code`,`priority`),
  KEY `fk_ex_zone_zone` (`zone_code`),
  CONSTRAINT `fk_ex_zone_ex` FOREIGN KEY (`ex_id`) REFERENCES `m_exercise` (`ex_id`) ON DELETE CASCADE ON UPDATE CASCADE,
  CONSTRAINT `fk_ex_zone_zone` FOREIGN KEY (`zone_code`) REFERENCES `m_part_zone` (`zone_code`) ON DELETE CASCADE ON UPDATE CASCADE
) ENGINE=InnoDB DEFAULT CHARSET=utf8mb4 COLLATE=utf8mb4_general_ci COMMENT='운동-세부존 매핑';

-- 테이블 데이터 hellchang.m_exercise_zone_target:~128 rows (대략적) 내보내기
INSERT IGNORE INTO `m_exercise_zone_target` (`ex_id`, `zone_code`, `priority`, `weight`) VALUES
	(1, 'Z-AR-TR', 2, 0.60),
	(1, 'Z-CH-MD', 1, 1.00),
	(1, 'Z-SH-AN', 2, 0.40),
	(2, 'Z-AR-TR', 2, 0.55),
	(2, 'Z-CH-UP', 1, 1.00),
	(2, 'Z-SH-AN', 2, 0.45),
	(3, 'Z-AR-TR', 1, 1.00),
	(4, 'Z-AR-TR', 2, 0.60),
	(4, 'Z-CH-MD', 1, 1.00),
	(4, 'Z-SH-AN', 2, 0.40),
	(5, 'Z-AR-TR', 2, 0.55),
	(5, 'Z-CH-UP', 1, 1.00),
	(5, 'Z-SH-AN', 2, 0.45),
	(6, 'Z-AR-TR', 2, 0.55),
	(6, 'Z-CH-LW', 1, 1.00),
	(6, 'Z-SH-AN', 2, 0.45),
	(7, 'Z-CH-MD', 1, 1.00),
	(8, 'Z-CH-MD', 1, 1.00),
	(9, 'Z-AR-TR', 1, 0.70),
	(9, 'Z-CH-MD', 1, 0.70),
	(10, 'Z-AR-TR', 1, 0.70),
	(10, 'Z-CH-MD', 1, 0.70),
	(11, 'Z-LE-GL', 2, 0.60),
	(11, 'Z-LE-QU', 1, 1.00),
	(12, 'Z-LE-GL', 2, 0.60),
	(12, 'Z-LE-QU', 1, 1.00),
	(13, 'Z-LE-GL', 2, 0.60),
	(13, 'Z-LE-QU', 1, 1.00),
	(14, 'Z-LE-QU', 1, 1.00),
	(15, 'Z-LE-HA', 1, 1.00),
	(16, 'Z-LE-GL', 2, 0.60),
	(16, 'Z-LE-QU', 1, 1.00),
	(17, 'Z-LE-GL', 2, 0.60),
	(17, 'Z-LE-QU', 1, 1.00),
	(18, 'Z-BK-MD', 1, 1.00),
	(18, 'Z-BK-UP', 1, 1.00),
	(19, 'Z-BK-MD', 1, 1.00),
	(19, 'Z-BK-UP', 1, 1.00),
	(20, 'Z-BK-MD', 1, 1.00),
	(20, 'Z-BK-UP', 1, 1.00),
	(21, 'Z-BK-MD', 1, 1.00),
	(21, 'Z-BK-UP', 1, 1.00),
	(22, 'Z-BK-MD', 1, 1.00),
	(22, 'Z-BK-UP', 1, 1.00),
	(23, 'Z-BK-MD', 1, 1.00),
	(23, 'Z-BK-UP', 1, 1.00),
	(25, 'Z-AR-BI', 1, 1.00),
	(26, 'Z-AR-BI', 1, 1.00),
	(27, 'Z-AR-BI', 1, 1.00),
	(28, 'Z-SH-AN', 1, 1.00),
	(28, 'Z-SH-LT', 2, 0.60),
	(29, 'Z-SH-AN', 1, 1.00),
	(29, 'Z-SH-LT', 2, 0.60),
	(30, 'Z-SH-LT', 1, 1.00),
	(31, 'Z-SH-AN', 1, 1.00),
	(32, 'Z-SH-PO', 1, 1.00),
	(33, 'Z-BK-UP', 1, 1.00),
	(34, 'Z-BK-UP', 1, 1.00),
	(35, 'Z-SH-AN', 1, 1.00),
	(35, 'Z-SH-LT', 2, 0.60),
	(36, 'Z-SH-AN', 1, 1.00),
	(36, 'Z-SH-LT', 2, 0.60),
	(37, 'Z-AR-TR', 1, 1.00),
	(38, 'Z-AR-TR', 1, 1.00),
	(39, 'Z-AR-TR', 1, 1.00),
	(40, 'Z-AR-TR', 1, 1.00),
	(41, 'Z-AR-TR', 1, 1.00),
	(41, 'Z-CH-MD', 2, 0.40),
	(42, 'Z-AR-TR', 1, 1.00),
	(43, 'Z-AR-TR', 1, 1.00),
	(44, 'Z-AR-TR', 1, 1.00),
	(45, 'Z-AR-TR', 1, 1.00),
	(46, 'Z-AR-TR', 1, 1.00),
	(47, 'Z-AR-TR', 1, 1.00),
	(48, 'Z-AR-TR', 1, 1.00),
	(49, 'Z-AR-TR', 1, 1.00),
	(50, 'Z-AR-TR', 1, 1.00),
	(51, 'Z-AR-TR', 2, 0.60),
	(51, 'Z-CH-MD', 1, 1.00),
	(52, 'Z-CH-UP', 1, 1.00),
	(52, 'Z-SH-AN', 2, 0.60),
	(53, 'Z-CH-MD', 1, 1.00),
	(53, 'Z-SH-AN', 1, 0.40),
	(62, 'Z-SH-LT', 1, 1.00),
	(62, 'Z-SH-PO', 2, 0.40),
	(63, 'Z-LE-GL', 2, 0.60),
	(63, 'Z-LE-QU', 1, 1.00),
	(64, 'Z-LE-GL', 2, 0.60),
	(64, 'Z-LE-QU', 1, 1.00),
	(65, 'Z-LE-GL', 2, 0.30),
	(65, 'Z-LE-QU', 1, 1.00),
	(67, 'Z-LE-GL', 1, 1.00),
	(67, 'Z-LE-HA', 2, 0.40),
	(68, 'Z-LE-GL', 1, 1.00),
	(68, 'Z-LE-QU', 2, 0.30),
	(69, 'Z-SH-AN', 1, 1.00),
	(69, 'Z-SH-LT', 2, 0.70),
	(70, 'Z-SH-AN', 1, 1.00),
	(70, 'Z-SH-LT', 2, 0.80),
	(71, 'Z-SH-AN', 1, 1.00),
	(71, 'Z-SH-LT', 2, 0.60),
	(72, 'Z-LE-GL', 1, 0.90),
	(72, 'Z-LE-HA', 1, 0.80),
	(72, 'Z-LE-QU', 1, 1.00),
	(73, 'Z-LE-QU', 1, 1.00),
	(75, 'Z-LE-GL', 1, 0.90),
	(75, 'Z-LE-HA', 1, 0.80),
	(75, 'Z-LE-QU', 1, 1.00),
	(76, 'Z-LE-HA', 1, 1.00),
	(77, 'Z-BK-MD', 1, 0.80),
	(77, 'Z-BK-UP', 1, 1.00),
	(77, 'Z-SH-PO', 1, 0.90),
	(78, 'Z-LE-GL', 1, 0.90),
	(78, 'Z-LE-HA', 1, 0.80),
	(78, 'Z-LE-QU', 1, 1.00),
	(79, 'Z-AR-TR', 1, 1.00),
	(80, 'Z-AR-TR', 2, 0.60),
	(80, 'Z-CH-MD', 1, 1.00),
	(80, 'Z-CH-UP', 1, 0.80),
	(80, 'Z-SH-AN', 1, 0.70),
	(81, 'Z-AR-TR', 2, 0.60),
	(81, 'Z-CH-MD', 1, 0.80),
	(81, 'Z-CH-UP', 1, 1.00),
	(81, 'Z-SH-AN', 1, 0.70),
	(82, 'Z-AR-TR', 2, 0.60),
	(82, 'Z-CH-MD', 1, 1.00),
	(82, 'Z-CH-UP', 1, 0.80),
	(82, 'Z-SH-AN', 1, 0.70),
	(83, 'Z-BK-MD', 1, 1.00),
	(83, 'Z-BK-UP', 1, 1.00),
	(84, 'Z-BK-MD', 1, 1.00),
	(84, 'Z-BK-UP', 1, 1.00),
	(85, 'Z-LE-GL', 2, 0.60),
	(85, 'Z-LE-HA', 2, 0.80),
	(85, 'Z-LE-QU', 1, 1.00),
	(86, 'Z-BK-MD', 2, 0.50),
	(86, 'Z-LE-GL', 1, 0.80),
	(86, 'Z-LE-HA', 1, 1.00),
	(87, 'Z-LE-GL', 1, 0.90),
	(87, 'Z-LE-HA', 2, 0.80),
	(87, 'Z-LE-QU', 1, 1.00),
	(88, 'Z-BK-MD', 2, 0.70),
	(88, 'Z-BK-UP', 2, 0.70),
	(88, 'Z-LE-GL', 1, 0.80),
	(88, 'Z-LE-HA', 1, 1.00),
	(89, 'Z-LE-GL', 2, 0.60),
	(89, 'Z-LE-QU', 1, 1.00),
	(90, 'Z-SH-AN', 1, 1.00),
	(90, 'Z-SH-LT', 2, 0.60),
	(91, 'Z-AR-TR', 2, 0.60),
	(91, 'Z-CH-MD', 1, 1.00),
	(91, 'Z-CH-UP', 2, 0.80),
	(91, 'Z-SH-AN', 2, 0.40),
	(92, 'Z-BK-MD', 2, 0.60),
	(92, 'Z-BK-UP', 2, 0.60),
	(92, 'Z-LE-GL', 1, 0.85),
	(92, 'Z-LE-HA', 1, 1.00),
	(93, 'Z-LE-GL', 2, 0.60),
	(93, 'Z-LE-QU', 1, 1.00),
	(94, 'Z-SH-AN', 1, 1.00),
	(94, 'Z-SH-LT', 2, 0.60),
	(95, 'Z-BK-MD', 1, 0.90),
	(95, 'Z-BK-UP', 1, 0.80),
	(95, 'Z-SH-PO', 1, 1.00),
	(96, 'Z-BK-MD', 1, 0.90),
	(96, 'Z-BK-UP', 1, 1.00),
	(96, 'Z-SH-PO', 1, 0.90),
	(97, 'Z-AR-TR', 1, 1.00),
	(97, 'Z-CH-MD', 1, 0.70),
	(98, 'Z-LE-HA', 1, 1.00),
	(99, 'Z-SH-PO', 1, 1.00),
	(100, 'Z-LE-GL', 1, 0.90),
	(100, 'Z-LE-HA', 2, 0.80),
	(100, 'Z-LE-QU', 1, 1.00),
	(101, 'Z-AR-BI', 1, 0.90),
	(101, 'Z-BK-MD', 1, 1.00),
	(101, 'Z-BK-UP', 1, 1.00),
	(102, 'Z-CH-MD', 2, 0.60),
	(102, 'Z-CH-UP', 1, 1.00);

-- 테이블 hellchang.m_movement 구조 내보내기
CREATE TABLE IF NOT EXISTS `m_movement` (
  `movement_code` varchar(20) NOT NULL COMMENT '동작 코드',
  `name_kr` varchar(50) NOT NULL COMMENT '동작명 (한글)',
  `name_en` varchar(50) NOT NULL COMMENT '동작명 (영문)',
  PRIMARY KEY (`movement_code`)
) ENGINE=InnoDB DEFAULT CHARSET=utf8mb4 COLLATE=utf8mb4_general_ci COMMENT='동작 유형 마스터';

-- 테이블 데이터 hellchang.m_movement:~17 rows (대략적) 내보내기
INSERT IGNORE INTO `m_movement` (`movement_code`, `name_kr`, `name_en`) VALUES
	('Curl', '컬', 'Curl'),
	('Dips', '딥스', 'Dips'),
	('Extension', '신전', 'Extension'),
	('Fly', '플라이', 'Fly'),
	('Isometric', '등척성', 'Isometric'),
	('Kickback', '킥백', 'Kickback'),
	('Lunge', '런지', 'Lunge'),
	('Plyometric', '플라이오메트릭', 'Plyometric'),
	('Press', '프레스', 'Press'),
	('Pull', '풀', 'Pull'),
	('Push', '푸시', 'Push'),
	('Raise', '레이즈', 'Raise'),
	('Rotation', '회전', 'Rotation'),
	('Row', '로우', 'Row'),
	('Shrug', '슈러그', 'Shrug'),
	('Squat', '스쿼트', 'Squat'),
	('Step', '스텝', 'Step');

-- 테이블 hellchang.m_muscle 구조 내보내기
CREATE TABLE IF NOT EXISTS `m_muscle` (
  `muscle_code` varchar(6) NOT NULL COMMENT '근육 코드 (예: M101)',
  `part_code` varchar(4) NOT NULL COMMENT '신체부위 코드 (예: B08)',
  `name_kr` varchar(80) NOT NULL COMMENT '근육(또는 근육군) 이름 - 한글',
  `name_en` varchar(120) NOT NULL COMMENT '근육(또는 근육군) 이름 - 영어',
  `note` varchar(255) DEFAULT NULL COMMENT '비고 (선택)',
  PRIMARY KEY (`muscle_code`),
  UNIQUE KEY `uq_part_name_kr` (`part_code`,`name_kr`),
  KEY `idx_muscle_part` (`part_code`),
  CONSTRAINT `fk_muscle_part` FOREIGN KEY (`part_code`) REFERENCES `m_body_part` (`part_code`) ON DELETE CASCADE ON UPDATE CASCADE
) ENGINE=InnoDB DEFAULT CHARSET=utf8mb4 COLLATE=utf8mb4_general_ci COMMENT='신체부위 소속 근육(또는 근육군)';

-- 테이블 데이터 hellchang.m_muscle:~84 rows (대략적) 내보내기
INSERT IGNORE INTO `m_muscle` (`muscle_code`, `part_code`, `name_kr`, `name_en`, `note`) VALUES
	('M1101', 'B01', '흉쇄유돌근', 'Sternocleidomastoid', NULL),
	('M1102', 'B01', '사각근(전/중/후)', 'Scalenes (Ant/Mid/Post)', NULL),
	('M1103', 'B01', '견갑거근', 'Levator Scapulae', NULL),
	('M1104', 'B01', '극상/경근', 'Splenius Capitis/Cervicis', NULL),
	('M1105', 'B01', '승모근 상부', 'Upper Trapezius', NULL),
	('M1201', 'B02', '삼각근(전면)', 'Deltoid (Anterior)', NULL),
	('M1202', 'B02', '삼각근(측면)', 'Deltoid (Lateral)', NULL),
	('M1203', 'B02', '삼각근(후면)', 'Deltoid (Posterior)', NULL),
	('M1204', 'B02', '극상근', 'Supraspinatus', NULL),
	('M1205', 'B02', '극하근', 'Infraspinatus', NULL),
	('M1206', 'B02', '소원근', 'Teres Minor', NULL),
	('M1207', 'B02', '견갑하근', 'Subscapularis', NULL),
	('M1208', 'B02', '대원근', 'Teres Major', NULL),
	('M1301', 'B03', '대흉근(쇄골부)', 'Pectoralis Major (Clavicular Head)', NULL),
	('M1302', 'B03', '대흉근(흉골부)', 'Pectoralis Major (Sternal Head)', NULL),
	('M1303', 'B03', '소흉근', 'Pectoralis Minor', NULL),
	('M1304', 'B03', '전거근', 'Serratus Anterior', NULL),
	('M1305', 'B03', '외늑간근', 'External Intercostals', NULL),
	('M1401', 'B04', '승모근(상부)', 'Trapezius (Upper)', NULL),
	('M1402', 'B04', '승모근(중부)', 'Trapezius (Middle)', NULL),
	('M1403', 'B04', '승모근(하부)', 'Trapezius (Lower)', NULL),
	('M1404', 'B04', '광배근', 'Latissimus Dorsi', NULL),
	('M1405', 'B04', '능형근(대/소)', 'Rhomboid Major/Minor', NULL),
	('M1406', 'B04', '기립근-장늑근', 'Erector Spinae – Iliocostalis', NULL),
	('M1407', 'B04', '기립근-최장근', 'Erector Spinae – Longissimus', NULL),
	('M1408', 'B04', '기립근-극근', 'Erector Spinae – Spinalis', NULL),
	('M1409', 'B04', '견갑거근', 'Levator Scapulae', NULL),
	('M1501', 'B05', '복직근', 'Rectus Abdominis', NULL),
	('M1502', 'B05', '외복사근', 'External Oblique', NULL),
	('M1503', 'B05', '내복사근', 'Internal Oblique', NULL),
	('M1504', 'B05', '복횡근', 'Transversus Abdominis', NULL),
	('M1601', 'B06', '이두근(단두)', 'Biceps Brachii (Short Head)', NULL),
	('M1602', 'B06', '이두근(장두)', 'Biceps Brachii (Long Head)', NULL),
	('M1603', 'B06', '상완근', 'Brachialis', NULL),
	('M1604', 'B06', '삼두근(장두)', 'Triceps Brachii (Long Head)', NULL),
	('M1605', 'B06', '삼두근(외측두)', 'Triceps Brachii (Lateral Head)', NULL),
	('M1606', 'B06', '삼두근(내측두)', 'Triceps Brachii (Medial Head)', NULL),
	('M1607', 'B06', '상완요골근', 'Brachioradialis', NULL),
	('M1608', 'B06', '요측수근굴근', 'Flexor Carpi Radialis', NULL),
	('M1609', 'B06', '척측수근굴근', 'Flexor Carpi Ulnaris', NULL),
	('M1610', 'B06', '장장근', 'Palmaris Longus', NULL),
	('M1611', 'B06', '천지굴근', 'Flexor Digitorum Superficialis', NULL),
	('M1612', 'B06', '요측수근신근-장/단', 'Extensor Carpi Radialis Longus/Brevis', NULL),
	('M1613', 'B06', '척측수근신근', 'Extensor Carpi Ulnaris', NULL),
	('M1614', 'B06', '지신근', 'Extensor Digitorum', NULL),
	('M1701', 'B07', '대둔근', 'Gluteus Maximus', NULL),
	('M1702', 'B07', '중둔근', 'Gluteus Medius', NULL),
	('M1703', 'B07', '소둔근', 'Gluteus Minimus', NULL),
	('M1704', 'B07', '장경근막장근', 'Tensor Fasciae Latae', NULL),
	('M1705', 'B07', '이상근', 'Piriformis', NULL),
	('M1706', 'B07', '폐쇄근(내)', 'Obturator Internus', NULL),
	('M1707', 'B07', '쌍둔근(상/하)', 'Gemellus (Superior/Inferior)', NULL),
	('M1708', 'B07', '대퇴방형근', 'Quadratus Femoris', NULL),
	('M1709', 'B07', '내전근(장)', 'Adductor Longus', NULL),
	('M1710', 'B07', '내전근(단)', 'Adductor Brevis', NULL),
	('M1711', 'B07', '내전근(대)', 'Adductor Magnus', NULL),
	('M1712', 'B07', '치골근', 'Pectineus', NULL),
	('M1713', 'B07', '박근', 'Gracilis', NULL),
	('M1801', 'B08', '대퇴직근', 'Rectus Femoris', NULL),
	('M1802', 'B08', '외측광근', 'Vastus Lateralis', NULL),
	('M1803', 'B08', '내측광근', 'Vastus Medialis', NULL),
	('M1804', 'B08', '중간광근', 'Vastus Intermedius', NULL),
	('M1805', 'B08', '봉공근', 'Sartorius', NULL),
	('M1806', 'B08', '대퇴이두근(장두)', 'Biceps Femoris (Long Head)', NULL),
	('M1807', 'B08', '대퇴이두근(단두)', 'Biceps Femoris (Short Head)', NULL),
	('M1808', 'B08', '반건양근', 'Semitendinosus', NULL),
	('M1809', 'B08', '반막양근', 'Semimembranosus', NULL),
	('M1901', 'B09', '비복근(내측두)', 'Gastrocnemius (Medial Head)', NULL),
	('M1902', 'B09', '비복근(외측두)', 'Gastrocnemius (Lateral Head)', NULL),
	('M1903', 'B09', '가자미근', 'Soleus', NULL),
	('M1904', 'B09', '족저근', 'Plantaris', NULL),
	('M1905', 'B09', '전경골근', 'Tibialis Anterior', NULL),
	('M1906', 'B09', '장비골근', 'Peroneus (Fibularis) Longus', NULL),
	('M1907', 'B09', '단비골근', 'Peroneus (Fibularis) Brevis', NULL),
	('M1908', 'B09', '후경골근', 'Tibialis Posterior', NULL),
	('M1909', 'B09', '장무지굴근', 'Flexor Hallucis Longus', NULL),
	('M1910', 'B09', '장지굴근', 'Flexor Digitorum Longus', NULL),
	('M2001', 'B10', '장무지신근', 'Extensor Hallucis Longus', NULL),
	('M2002', 'B10', '장지신근', 'Extensor Digitorum Longus', NULL),
	('M2003', 'B10', '제3비골근', 'Peroneus (Fibularis) Tertius', NULL),
	('M2101', 'B08', '대퇴사두근', 'Quadriceps Femoris', '대퇴직근+외측광근+내측광근+중간광근'),
	('M2102', 'B08', '대퇴사두근(전면)', 'Quadriceps (Anterior)', '무릎 신전'),
	('M2103', 'B08', '대퇴사두근(측면)', 'Quadriceps (Lateral)', '무릎 안정화'),
	('M2104', 'B08', '햄스트링', 'Hamstrings', '대퇴이두근+반건양근+반막양근');

-- 테이블 hellchang.m_part_zone 구조 내보내기
CREATE TABLE IF NOT EXISTS `m_part_zone` (
  `zone_code` varchar(7) NOT NULL COMMENT '세부부위 코드 (예: Z-CH-UP)',
  `part_code` varchar(4) NOT NULL COMMENT '상위 신체부위 코드 (예: B03=가슴)',
  `zone_name_kr` varchar(80) NOT NULL COMMENT '세부부위명(한글)',
  `zone_name_en` varchar(120) NOT NULL COMMENT '세부부위명(영문)',
  PRIMARY KEY (`zone_code`),
  KEY `idx_zone_part` (`part_code`),
  CONSTRAINT `fk_zone_part` FOREIGN KEY (`part_code`) REFERENCES `m_body_part` (`part_code`) ON DELETE CASCADE ON UPDATE CASCADE
) ENGINE=InnoDB DEFAULT CHARSET=utf8mb4 COLLATE=utf8mb4_general_ci COMMENT='신체부위 세부존';

-- 테이블 데이터 hellchang.m_part_zone:~13 rows (대략적) 내보내기
INSERT IGNORE INTO `m_part_zone` (`zone_code`, `part_code`, `zone_name_kr`, `zone_name_en`) VALUES
	('Z-AR-BI', 'B06', '팔 이두', 'Biceps'),
	('Z-AR-TR', 'B06', '팔 삼두', 'Triceps'),
	('Z-BK-MD', 'B04', '등 중부', 'Mid Back/Rhomboids'),
	('Z-BK-UP', 'B04', '등 상부', 'Upper Back/Traps'),
	('Z-CH-LW', 'B03', '가슴 하부', 'Chest Lower (Costal)'),
	('Z-CH-MD', 'B03', '가슴 중부', 'Chest Middle (Sternal)'),
	('Z-CH-UP', 'B03', '가슴 상부', 'Chest Upper (Clavicular)'),
	('Z-LE-GL', 'B07', '엉덩이', 'Glute/Hip'),
	('Z-LE-HA', 'B08', '허벅지 후면', 'Thigh Posterior (Hamstrings)'),
	('Z-LE-QU', 'B08', '허벅지 전면', 'Thigh Anterior (Quadriceps)'),
	('Z-SH-AN', 'B02', '어깨 전면', 'Anterior Deltoid'),
	('Z-SH-LT', 'B02', '어깨 측면', 'Lateral Deltoid'),
	('Z-SH-PO', 'B02', '어깨 후면', 'Posterior Deltoid');

-- 테이블 hellchang.m_routine_notes 구조 내보내기
CREATE TABLE IF NOT EXISTS `m_routine_notes` (
  `id` int(11) NOT NULL AUTO_INCREMENT,
  `session_id` bigint(20) NOT NULL,
  `routine_type` enum('pre','post') NOT NULL,
  `content` text NOT NULL,
  `created_at` timestamp NULL DEFAULT current_timestamp(),
  PRIMARY KEY (`id`),
  KEY `session_id` (`session_id`),
  CONSTRAINT `m_routine_notes_ibfk_1` FOREIGN KEY (`session_id`) REFERENCES `m_workout_session` (`session_id`) ON DELETE CASCADE
) ENGINE=InnoDB DEFAULT CHARSET=utf8mb4 COLLATE=utf8mb4_general_ci;

-- 테이블 데이터 hellchang.m_routine_notes:~0 rows (대략적) 내보내기

-- 테이블 hellchang.m_routine_records 구조 내보내기
CREATE TABLE IF NOT EXISTS `m_routine_records` (
  `record_id` int(11) NOT NULL AUTO_INCREMENT,
  `user_id` int(11) NOT NULL,
  `session_id` bigint(20) NOT NULL,
  `routine_type` enum('pre','post') NOT NULL,
  `routine_name` varchar(100) NOT NULL,
  `routine_content` text NOT NULL,
  `is_completed` tinyint(1) DEFAULT 0,
  `start_time` datetime DEFAULT NULL,
  `end_time` datetime DEFAULT NULL,
  `duration` int(11) DEFAULT 0,
  `created_at` timestamp NULL DEFAULT current_timestamp(),
  PRIMARY KEY (`record_id`),
  KEY `user_id` (`user_id`),
  KEY `session_id` (`session_id`),
  CONSTRAINT `m_routine_records_ibfk_1` FOREIGN KEY (`user_id`) REFERENCES `users` (`id`),
  CONSTRAINT `m_routine_records_ibfk_2` FOREIGN KEY (`session_id`) REFERENCES `m_workout_session` (`session_id`)
) ENGINE=InnoDB AUTO_INCREMENT=5 DEFAULT CHARSET=utf8mb4 COLLATE=utf8mb4_general_ci;

-- 테이블 데이터 hellchang.m_routine_records:~3 rows (대략적) 내보내기
INSERT IGNORE INTO `m_routine_records` (`record_id`, `user_id`, `session_id`, `routine_type`, `routine_name`, `routine_content`, `is_completed`, `start_time`, `end_time`, `duration`, `created_at`) VALUES
	(1, 6, 38, 'pre', 'PRE-ROUTINE', '맨몸스쿼트 100개\r\n', 1, '2025-09-28 09:59:19', '2025-09-28 09:59:26', 7, '2025-09-28 09:59:26'),
	(2, 6, 38, 'pre', 'PRE-ROUTINE', '맨몸스쿼트 100개\r\n', 1, '2025-09-28 10:38:44', '2025-09-28 10:38:48', 4, '2025-09-28 10:38:48'),
	(4, 6, 38, 'post', 'POST-ROUTINE', '복근운동 250개', 1, '2025-09-28 10:39:52', '2025-09-28 10:39:54', 2, '2025-09-28 10:39:54');

-- 테이블 hellchang.m_routine_settings 구조 내보내기
CREATE TABLE IF NOT EXISTS `m_routine_settings` (
  `id` int(11) NOT NULL AUTO_INCREMENT,
  `user_id` int(11) NOT NULL,
  `pre_routine` text DEFAULT NULL COMMENT '프리루틴 내용',
  `post_routine` text DEFAULT NULL COMMENT '엔드루틴 내용',
  `created_at` timestamp NULL DEFAULT current_timestamp(),
  `updated_at` timestamp NULL DEFAULT current_timestamp() ON UPDATE current_timestamp(),
  `pre_routine_enabled` tinyint(1) DEFAULT 1 COMMENT '프리루틴 사용 여부',
  `post_routine_enabled` tinyint(1) DEFAULT 1 COMMENT '엔드루틴 사용 여부',
  PRIMARY KEY (`id`),
  UNIQUE KEY `unique_user_routine` (`user_id`),
  CONSTRAINT `fk_routine_settings_user` FOREIGN KEY (`user_id`) REFERENCES `users` (`id`) ON DELETE CASCADE
) ENGINE=InnoDB AUTO_INCREMENT=2 DEFAULT CHARSET=utf8mb4 COLLATE=utf8mb4_general_ci COMMENT='사용자별 프리/엔드루틴 설정';

-- 테이블 데이터 hellchang.m_routine_settings:~0 rows (대략적) 내보내기
INSERT IGNORE INTO `m_routine_settings` (`id`, `user_id`, `pre_routine`, `post_routine`, `created_at`, `updated_at`, `pre_routine_enabled`, `post_routine_enabled`) VALUES
	(1, 6, '맨몸스쿼트 100개\r\n', '복근운동 250개', '2025-09-14 10:11:37', '2025-10-22 06:15:23', 0, 0);

-- 테이블 hellchang.m_template_assignment 구조 내보내기
CREATE TABLE IF NOT EXISTS `m_template_assignment` (
  `assignment_id` int(11) NOT NULL AUTO_INCREMENT,
  `template_id` int(11) NOT NULL COMMENT '할당된 템플릿 ID',
  `user_id` int(11) NOT NULL COMMENT '할당받은 사용자 ID',
  `assigned_by` int(11) NOT NULL COMMENT '할당한 관리자 ID',
  `workout_date` date NOT NULL COMMENT '운동 예정일',
  `status` enum('assigned','completed','cancelled') DEFAULT 'assigned' COMMENT '할당 상태',
  `note` text DEFAULT NULL COMMENT '관리자 메모',
  `created_at` timestamp NULL DEFAULT current_timestamp(),
  `updated_at` timestamp NULL DEFAULT current_timestamp() ON UPDATE current_timestamp(),
  PRIMARY KEY (`assignment_id`),
  KEY `idx_template_id` (`template_id`),
  KEY `idx_user_id` (`user_id`),
  KEY `idx_assigned_by` (`assigned_by`),
  KEY `idx_workout_date` (`workout_date`),
  KEY `idx_status` (`status`),
  CONSTRAINT `fk_assignment_admin` FOREIGN KEY (`assigned_by`) REFERENCES `admins` (`id`) ON DELETE CASCADE,
  CONSTRAINT `fk_assignment_template` FOREIGN KEY (`template_id`) REFERENCES `m_workout_template` (`template_id`) ON DELETE CASCADE,
  CONSTRAINT `fk_assignment_user` FOREIGN KEY (`user_id`) REFERENCES `users` (`id`) ON DELETE CASCADE
) ENGINE=InnoDB AUTO_INCREMENT=5 DEFAULT CHARSET=utf8mb4 COLLATE=utf8mb4_general_ci COMMENT='운동 템플릿 할당';

-- 테이블 데이터 hellchang.m_template_assignment:~3 rows (대략적) 내보내기
INSERT IGNORE INTO `m_template_assignment` (`assignment_id`, `template_id`, `user_id`, `assigned_by`, `workout_date`, `status`, `note`, `created_at`, `updated_at`) VALUES
	(2, 2, 6, 1, '2025-09-25', 'assigned', '', '2025-09-25 02:16:52', '2025-09-25 02:16:52'),
	(3, 2, 19, 1, '2025-09-25', 'assigned', '', '2025-09-25 02:23:11', '2025-09-25 02:23:11'),
	(4, 2, 18, 1, '2025-09-25', 'assigned', '', '2025-09-25 02:23:19', '2025-09-25 02:23:19');

-- 테이블 hellchang.m_template_workout_session 구조 내보내기
CREATE TABLE IF NOT EXISTS `m_template_workout_session` (
  `id` int(11) NOT NULL AUTO_INCREMENT,
  `assignment_id` int(11) NOT NULL COMMENT '할당 ID',
  `session_id` bigint(20) NOT NULL COMMENT '생성된 운동 세션 ID',
  `created_at` timestamp NULL DEFAULT current_timestamp(),
  PRIMARY KEY (`id`),
  KEY `idx_assignment_id` (`assignment_id`),
  KEY `idx_session_id` (`session_id`),
  CONSTRAINT `fk_tws_assignment` FOREIGN KEY (`assignment_id`) REFERENCES `m_template_assignment` (`assignment_id`) ON DELETE CASCADE,
  CONSTRAINT `fk_tws_session` FOREIGN KEY (`session_id`) REFERENCES `m_workout_session` (`session_id`) ON DELETE CASCADE
) ENGINE=InnoDB AUTO_INCREMENT=5 DEFAULT CHARSET=utf8mb4 COLLATE=utf8mb4_general_ci COMMENT='할당된 템플릿의 운동 세션 연결';

-- 테이블 데이터 hellchang.m_template_workout_session:~2 rows (대략적) 내보내기
INSERT IGNORE INTO `m_template_workout_session` (`id`, `assignment_id`, `session_id`, `created_at`) VALUES
	(2, 2, 43, '2025-09-25 02:16:52'),
	(4, 4, 45, '2025-09-25 02:23:19');

-- 테이블 hellchang.m_temp_exercise 구조 내보내기
CREATE TABLE IF NOT EXISTS `m_temp_exercise` (
  `temp_ex_id` int(11) NOT NULL AUTO_INCREMENT,
  `user_id` int(11) NOT NULL,
  `exercise_name` varchar(160) NOT NULL COMMENT '사용자가 입력한 운동명',
  `status` enum('pending','approved','rejected') DEFAULT 'pending',
  `approved_ex_id` int(11) DEFAULT NULL COMMENT '승인 시 연결될 정식 운동 ID',
  `created_at` timestamp NULL DEFAULT current_timestamp(),
  `updated_at` timestamp NULL DEFAULT current_timestamp() ON UPDATE current_timestamp(),
  PRIMARY KEY (`temp_ex_id`),
  KEY `idx_temp_user` (`user_id`),
  KEY `idx_temp_status` (`status`),
  CONSTRAINT `fk_temp_user` FOREIGN KEY (`user_id`) REFERENCES `users` (`id`) ON DELETE CASCADE
) ENGINE=InnoDB AUTO_INCREMENT=122 DEFAULT CHARSET=utf8mb4 COLLATE=utf8mb4_general_ci;

-- 테이블 데이터 hellchang.m_temp_exercise:~120 rows (대략적) 내보내기
INSERT IGNORE INTO `m_temp_exercise` (`temp_ex_id`, `user_id`, `exercise_name`, `status`, `approved_ex_id`, `created_at`, `updated_at`) VALUES
	(2, 6, '고블린 스쿼트', 'approved', 72, '2025-09-09 07:01:16', '2025-09-29 01:39:00'),
	(3, 17, '인클라잉벤치프레스머신', 'approved', 81, '2025-09-11 08:57:06', '2025-09-29 01:37:47'),
	(4, 17, '체스트머신', 'approved', 82, '2025-09-11 08:57:06', '2025-09-29 01:38:23'),
	(5, 17, '펙텍플라이머신', 'approved', 53, '2025-09-11 08:57:06', '2025-09-29 01:38:36'),
	(6, 17, '헤머벤치프레스', 'approved', 80, '2025-09-11 08:57:06', '2025-09-29 01:38:51'),
	(7, 17, '인클라인 벤치프레스 머신', 'approved', 81, '2025-09-11 09:00:17', '2025-09-29 01:37:38'),
	(8, 17, '케이블크러스오버', 'approved', 8, '2025-09-11 09:00:17', '2025-09-29 01:36:52'),
	(9, 17, '헤머 벤치프레스', 'approved', 80, '2025-09-11 09:00:17', '2025-09-29 01:37:17'),
	(10, 17, '딥스 5세트', 'approved', 9, '2025-09-11 09:00:49', '2025-09-29 01:36:42'),
	(11, 6, '바벨 프레스1', 'approved', 1, '2025-09-12 11:11:42', '2025-09-29 01:36:27'),
	(12, 6, '바벨 로우1', 'approved', 20, '2025-09-12 11:12:07', '2025-09-29 01:36:04'),
	(13, 6, '오버헤드 익스텐션', 'approved', 79, '2025-09-15 09:48:07', '2025-09-29 01:35:48'),
	(14, 17, '워킹런지', 'approved', 75, '2025-09-17 12:08:21', '2025-09-29 01:34:43'),
	(15, 17, '래그컬', 'approved', 15, '2025-09-17 12:08:21', '2025-09-29 01:34:53'),
	(16, 17, '스미스쿼트', 'approved', 78, '2025-09-17 12:08:21', '2025-09-29 01:35:18'),
	(17, 17, '고블린스쿼트', 'approved', 72, '2025-09-17 12:08:21', '2025-09-29 01:35:24'),
	(18, 18, '렙플다운', 'approved', 58, '2025-09-24 10:18:12', '2025-09-29 01:34:29'),
	(19, 18, '티바로우', 'approved', 77, '2025-09-24 10:18:12', '2025-09-29 01:34:15'),
	(20, 18, '랫플다운', 'approved', 58, '2025-09-24 10:23:05', '2025-09-29 01:33:56'),
	(21, 19, '랫플다운', 'approved', 58, '2025-09-24 10:24:37', '2025-09-29 01:33:36'),
	(22, 19, '티바로우', 'approved', 77, '2025-09-24 10:24:37', '2025-09-29 01:33:44'),
	(23, 19, 'T바로우', 'approved', 77, '2025-09-25 01:17:12', '2025-09-29 01:33:12'),
	(24, 19, '웜업 사이드 레터럴 레이즈', 'approved', 30, '2025-09-25 08:14:07', '2025-09-29 01:32:52'),
	(25, 18, '힙스러스트10', 'approved', 67, '2025-09-26 10:37:51', '2025-09-29 01:32:13'),
	(26, 18, '고블릿스쿼트', 'approved', 72, '2025-09-26 10:37:51', '2025-09-29 01:32:28'),
	(27, 6, '라잉 레그컬', 'approved', 76, '2025-09-26 10:50:43', '2025-09-29 01:31:40'),
	(28, 6, '프론레그컬', 'approved', 73, '2025-09-26 10:58:12', '2025-09-29 01:31:21'),
	(29, 6, '프론레그컬', 'approved', 73, '2025-09-26 10:58:14', '2025-09-29 01:31:08'),
	(30, 6, '프론레그컬', 'approved', 73, '2025-09-26 10:58:16', '2025-09-29 01:30:19'),
	(31, 19, '힙쓰러스트', 'approved', 74, '2025-09-27 06:08:48', '2025-09-29 01:30:40'),
	(32, 19, '고블릿스쿼트', 'approved', 72, '2025-09-27 06:08:48', '2025-09-29 01:28:54'),
	(33, 19, '워킹런지', 'approved', 75, '2025-09-27 06:08:48', '2025-09-29 01:30:54'),
	(34, 19, '시티드 레그컬', 'approved', 98, '2025-09-29 10:19:02', '2025-11-04 07:01:12'),
	(35, 18, '09/29', 'rejected', NULL, '2025-09-29 13:21:15', '2025-11-04 05:19:53'),
	(36, 18, '레그 익스텐션', 'approved', 14, '2025-09-29 13:21:15', '2025-11-04 07:00:31'),
	(37, 18, '고블릿스쿼트', 'approved', 72, '2025-09-29 13:21:15', '2025-11-04 07:00:42'),
	(38, 18, '레그 프레스', 'approved', 13, '2025-09-29 13:21:15', '2025-11-04 07:00:51'),
	(39, 18, '55x15x3', 'rejected', NULL, '2025-09-29 13:21:15', '2025-11-04 05:19:49'),
	(40, 18, '시티드 레그컬', 'approved', 98, '2025-09-29 13:21:15', '2025-11-04 07:01:01'),
	(41, 18, '09/30-가슴', 'rejected', NULL, '2025-09-30 08:37:01', '2025-11-04 05:19:45'),
	(42, 18, '인클라인 벤치프레스 머신', 'approved', 81, '2025-09-30 08:37:01', '2025-11-04 06:55:26'),
	(43, 18, '인클라인 덤벨 프레스', 'approved', 2, '2025-09-30 08:37:01', '2025-11-04 06:55:46'),
	(44, 18, '인클라인 덤벨 플라이', 'approved', 102, '2025-09-30 08:37:01', '2025-11-04 06:58:47'),
	(45, 6, '임시운동', 'rejected', NULL, '2025-10-02 02:41:41', '2025-11-04 06:55:06'),
	(46, 18, '10/01-등', 'rejected', NULL, '2025-10-02 09:47:02', '2025-11-04 05:19:41'),
	(47, 18, '바벨 로우', 'approved', 20, '2025-10-02 09:47:02', '2025-11-04 06:52:09'),
	(48, 18, '언더그립 바벨로우', 'approved', 101, '2025-10-02 09:47:02', '2025-11-04 06:54:59'),
	(49, 19, '시티드 레그 프레스', 'approved', 93, '2025-10-03 07:37:53', '2025-11-04 06:51:58'),
	(50, 19, 'V스쿼트 머신 굿모닝', 'approved', 86, '2025-10-03 08:07:08', '2025-11-04 05:42:31'),
	(51, 19, '크로스 런지', 'approved', 100, '2025-10-03 08:33:31', '2025-11-04 06:51:43'),
	(52, 19, '덤벨 데드리프트', 'approved', 19, '2025-10-03 08:49:54', '2025-11-04 06:47:14'),
	(53, 18, '어시스트 풀업', 'approved', 57, '2025-10-09 08:54:32', '2025-11-04 06:42:52'),
	(54, 18, '랫 풀 다운', 'approved', 58, '2025-10-09 08:54:32', '2025-11-04 06:43:01'),
	(55, 18, '리버스 플라이', 'approved', 99, '2025-10-09 08:54:32', '2025-11-04 06:47:05'),
	(56, 18, '시티드 레그컬', 'approved', 98, '2025-10-11 05:20:13', '2025-11-04 06:42:04'),
	(57, 18, '고블릿스쿼트', 'approved', 72, '2025-10-11 05:20:13', '2025-11-04 06:42:34'),
	(58, 18, '고블릿스쿼트', 'approved', 72, '2025-10-11 05:20:13', '2025-11-04 06:42:43'),
	(59, 18, '고블릿스쿼트', 'approved', 72, '2025-10-11 05:20:13', '2025-11-04 06:34:25'),
	(60, 18, '워킹 런지', 'approved', 75, '2025-10-11 05:20:13', '2025-11-04 06:34:34'),
	(61, 18, '주말 잘 보내셨습니까!!', 'rejected', NULL, '2025-10-13 09:33:25', '2025-11-04 05:19:24'),
	(62, 18, '10/13-하체', 'rejected', NULL, '2025-10-13 09:33:25', '2025-11-04 05:19:13'),
	(63, 18, '워킹 런지', 'approved', 75, '2025-10-13 09:33:25', '2025-11-04 06:34:05'),
	(64, 18, '어덕션', 'approved', 68, '2025-10-13 09:33:25', '2025-11-04 06:34:15'),
	(65, 18, '금일루틴입니다🫡🫡', 'rejected', NULL, '2025-10-13 09:33:25', '2025-11-04 05:19:18'),
	(66, 18, '10/14-가슴', 'rejected', NULL, '2025-10-14 10:23:12', '2025-11-04 05:18:42'),
	(67, 18, '어시스트 딥스', 'approved', 97, '2025-10-14 10:23:12', '2025-11-04 06:33:56'),
	(68, 19, '덤벨 벤치 프레스', 'approved', 4, '2025-10-14 23:43:01', '2025-11-04 06:28:37'),
	(69, 19, 'T바 로우', 'approved', 77, '2025-10-15 09:01:13', '2025-11-04 06:28:21'),
	(70, 19, '하이 롱 풀', 'approved', 96, '2025-10-15 09:16:46', '2025-11-04 06:25:41'),
	(71, 18, '10/15-등', 'rejected', NULL, '2025-10-15 09:56:07', '2025-11-04 05:18:37'),
	(72, 18, '랫 풀 다운', 'approved', 58, '2025-10-15 09:56:07', '2025-11-04 06:20:35'),
	(73, 18, '하이 롱 풀', 'approved', 96, '2025-10-15 09:56:07', '2025-11-04 06:25:28'),
	(74, 18, '10/16 어깨', 'rejected', NULL, '2025-10-16 10:03:57', '2025-11-04 05:18:10'),
	(75, 18, '사이드 레터럴 레이즈', 'approved', 30, '2025-10-16 10:03:57', '2025-11-04 06:20:08'),
	(76, 18, '바벨 오버헤드 프레스', 'approved', 28, '2025-10-16 10:03:57', '2025-11-04 06:10:06'),
	(77, 18, '바벨 오버헤드 프레스', 'approved', 28, '2025-10-16 10:03:57', '2025-11-04 06:10:24'),
	(78, 18, '덤벨 프론트 레터럴 레이즈', 'approved', 94, '2025-10-16 10:03:57', '2025-11-04 06:14:31'),
	(79, 18, '페이스풀', 'approved', 95, '2025-10-16 10:03:57', '2025-11-04 06:19:14'),
	(80, 18, '리어 델트 플라이', 'approved', 32, '2025-10-16 10:03:57', '2025-11-04 06:19:35'),
	(81, 19, '루마니안 데드리프트', 'approved', 92, '2025-10-17 08:52:51', '2025-11-04 06:09:51'),
	(82, 18, '10/17 하체', 'rejected', NULL, '2025-10-17 09:24:03', '2025-11-04 05:18:25'),
	(83, 18, '루마니안 데드리프트', 'approved', 92, '2025-10-17 09:24:03', '2025-11-04 06:08:12'),
	(84, 18, '시티드 레그 프레스', 'approved', 93, '2025-10-17 09:24:03', '2025-11-04 06:09:41'),
	(85, 18, '한 주 고생하셨습니다🫡', 'rejected', NULL, '2025-10-17 09:24:03', '2025-11-04 05:18:29'),
	(86, 19, '원레그 데드리프트', 'approved', 88, '2025-10-17 10:02:46', '2025-11-04 06:05:10'),
	(87, 18, '10/20 하체', 'rejected', NULL, '2025-10-20 08:45:13', '2025-11-04 05:18:21'),
	(88, 18, '스플릿 스쿼트', 'approved', 87, '2025-10-20 08:45:13', '2025-11-04 06:04:55'),
	(89, 18, '10/21 가슴', 'rejected', NULL, '2025-10-21 10:04:45', '2025-11-04 05:18:17'),
	(90, 18, '딥스', 'approved', 9, '2025-10-21 10:04:45', '2025-11-04 05:54:00'),
	(91, 18, '덤벨 프레스', 'approved', 51, '2025-10-21 10:04:45', '2025-11-04 05:54:37'),
	(92, 18, '스미스 머신 벤치프레스', 'approved', 91, '2025-10-21 10:04:45', '2025-11-04 06:00:26'),
	(93, 18, '10/22 등', 'rejected', NULL, '2025-10-22 10:15:26', '2025-11-04 05:18:14'),
	(94, 18, 'T바 로우', 'approved', 77, '2025-10-22 10:15:26', '2025-11-04 05:53:44'),
	(95, 18, '10/23 어깨', 'rejected', NULL, '2025-10-23 10:09:26', '2025-11-04 05:19:03'),
	(96, 18, '비하인드 넥 프레스', 'approved', 69, '2025-10-23 10:09:26', '2025-11-04 05:52:55'),
	(97, 18, '바벨 오버헤드 프레스', 'approved', 28, '2025-10-23 10:09:26', '2025-11-04 05:53:16'),
	(98, 18, '바벨 오버헤드 프레스', 'approved', 28, '2025-10-23 10:09:26', '2025-11-04 05:53:33'),
	(99, 18, '머신 숄더 프레스', 'approved', 70, '2025-10-23 10:09:26', '2025-11-04 05:50:22'),
	(100, 18, '케이블 프론트 레이즈', 'approved', 90, '2025-10-23 10:09:26', '2025-11-04 05:52:26'),
	(101, 18, '사이드 레터럴 레이즈', 'approved', 30, '2025-10-23 10:09:26', '2025-11-04 05:52:42'),
	(102, 18, '10/24 하체', 'rejected', NULL, '2025-10-27 09:59:44', '2025-11-04 05:18:59'),
	(103, 18, 'V스쿼트 머신 굿모닝', 'approved', 86, '2025-10-27 09:59:44', '2025-11-04 05:42:02'),
	(104, 18, 'V스쿼트 머신 굿모닝', 'approved', 86, '2025-10-27 09:59:44', '2025-11-04 05:42:13'),
	(105, 18, '원레그 데드리프트', 'approved', 88, '2025-10-27 09:59:44', '2025-11-04 05:47:10'),
	(106, 18, '맨몸 스쿼트', 'approved', 89, '2025-10-27 09:59:44', '2025-11-04 05:50:09'),
	(107, 18, '스플릿 스쿼트', 'approved', 87, '2025-10-27 09:59:44', '2025-11-04 05:44:56'),
	(108, 18, '10/29', 'rejected', NULL, '2025-10-29 09:33:13', '2025-11-04 05:18:56'),
	(109, 18, '비하인드 랫 풀 다운', 'approved', 84, '2025-10-29 09:33:13', '2025-11-04 05:17:34'),
	(110, 18, '어시스트 풀업', 'approved', 57, '2025-10-29 09:33:13', '2025-11-04 05:33:07'),
	(111, 18, '시티드 로우', 'approved', 59, '2025-10-29 09:33:13', '2025-11-04 05:33:30'),
	(112, 18, '원암 덤벨 로우', 'approved', 83, '2025-10-29 09:33:13', '2025-11-04 05:14:35'),
	(113, 18, '어시트 풀업', 'approved', 57, '2025-10-29 09:33:55', '2025-11-04 04:47:30'),
	(114, 18, '10/30', 'rejected', NULL, '2025-10-30 10:35:53', '2025-11-04 05:18:54'),
	(115, 18, '바벨 오버헤드 프레스', 'approved', 28, '2025-10-30 10:35:53', '2025-11-04 05:09:24'),
	(116, 18, '사이드 레터럴 레이즈', 'approved', 30, '2025-10-30 10:35:53', '2025-11-04 05:10:14'),
	(117, 18, '10/31', 'rejected', NULL, '2025-10-31 10:47:04', '2025-11-04 05:18:53'),
	(118, 18, '워킹 런지', 'approved', 75, '2025-10-31 10:47:04', '2025-11-04 05:09:06'),
	(119, 18, '11/3', 'rejected', NULL, '2025-11-03 10:51:55', '2025-11-04 05:18:51'),
	(120, 18, '레그 익스텐션', 'approved', 14, '2025-11-03 10:51:55', '2025-11-04 05:03:51'),
	(121, 18, '고블릿스쿼트', 'approved', 72, '2025-11-03 10:51:55', '2025-11-04 05:08:50');

-- 테이블 hellchang.m_workout_exercise 구조 내보내기
CREATE TABLE IF NOT EXISTS `m_workout_exercise` (
  `wx_id` bigint(20) NOT NULL AUTO_INCREMENT,
  `session_id` bigint(20) NOT NULL,
  `ex_id` int(11) DEFAULT NULL,
  `order_no` int(11) NOT NULL DEFAULT 1,
  `weight` decimal(6,2) DEFAULT NULL COMMENT '무게(kg)',
  `reps` int(11) DEFAULT NULL COMMENT '반복 횟수',
  `sets` int(11) DEFAULT NULL COMMENT '세트 수',
  `note` varchar(255) DEFAULT NULL,
  `original_exercise_name` varchar(160) DEFAULT NULL COMMENT '사용자가 입력한 원본 운동명',
  `temp_ex_id` int(11) DEFAULT NULL COMMENT '임시 운동 ID',
  `is_temp` tinyint(1) DEFAULT 0 COMMENT '임시 운동 여부',
  `is_warmup` tinyint(1) DEFAULT 0 COMMENT '웜업 운동 여부',
  PRIMARY KEY (`wx_id`),
  KEY `idx_wx_session` (`session_id`),
  KEY `idx_wx_ex` (`ex_id`),
  KEY `fk_wx_temp` (`temp_ex_id`),
  CONSTRAINT `fk_wx_ex` FOREIGN KEY (`ex_id`) REFERENCES `m_exercise` (`ex_id`) ON UPDATE CASCADE,
  CONSTRAINT `fk_wx_session` FOREIGN KEY (`session_id`) REFERENCES `m_workout_session` (`session_id`) ON DELETE CASCADE ON UPDATE CASCADE,
  CONSTRAINT `fk_wx_temp` FOREIGN KEY (`temp_ex_id`) REFERENCES `m_temp_exercise` (`temp_ex_id`) ON DELETE CASCADE
) ENGINE=InnoDB AUTO_INCREMENT=835 DEFAULT CHARSET=utf8mb4 COLLATE=utf8mb4_general_ci COMMENT='세션-운동 목록';

-- 테이블 데이터 hellchang.m_workout_exercise:~444 rows (대략적) 내보내기
INSERT IGNORE INTO `m_workout_exercise` (`wx_id`, `session_id`, `ex_id`, `order_no`, `weight`, `reps`, `sets`, `note`, `original_exercise_name`, `temp_ex_id`, `is_temp`, `is_warmup`) VALUES
	(1, 1, 1, 1, NULL, NULL, NULL, NULL, NULL, NULL, 0, 0),
	(2, 1, 2, 2, NULL, NULL, NULL, NULL, NULL, NULL, 0, 0),
	(3, 1, 3, 3, NULL, NULL, NULL, NULL, NULL, NULL, 0, 0),
	(4, 2, 4, 1, 10.00, 15, 5, NULL, '덤벨 프레스', NULL, 0, 0),
	(5, 2, 12, 2, 20.00, 10, 3, NULL, '바벨 스쿼트', NULL, 0, 0),
	(6, 2, 3, 3, 5.00, 12, 4, NULL, '라잉 트라이셉스', NULL, 0, 0),
	(7, 2, 12, 1, 10.00, 15, 5, NULL, '바벨 스쿼트', NULL, 0, 0),
	(8, 2, 19, 2, 20.00, 10, 3, NULL, '데드 리프트', NULL, 0, 0),
	(9, 4, 4, 1, 10.00, 15, 2, NULL, '덤벨 벤치 프레스', NULL, 0, 0),
	(10, 4, 12, 2, 20.00, 10, 1, NULL, '바벨 스쿼트', NULL, 0, 0),
	(11, 4, 3, 3, 5.00, 12, 8, NULL, '라잉 트라이셉스 익스텐션', NULL, 0, 0),
	(49, 10, 6, 1, 20.00, 12, 5, NULL, '바벨 벤치 프레스', NULL, 0, 0),
	(50, 10, 9, 2, 60.00, 10, 3, NULL, '딥스', NULL, 0, 0),
	(51, 10, 53, 3, 30.00, 15, 4, NULL, '펙덱플라이', NULL, 0, 0),
	(52, 10, 5, 4, 20.00, 12, 5, NULL, '인클라인 바벨 벤치 프레스', NULL, 0, 0),
	(53, 10, 52, 5, 20.00, 15, 4, NULL, '버티컬 체스트', NULL, 0, 0),
	(54, 10, 44, 6, 20.00, 15, 3, NULL, '케이블 익스텐션', NULL, 0, 0),
	(95, 21, 56, 1, 20.00, 15, 5, NULL, '암 풀 다운', NULL, 0, 0),
	(96, 21, 57, 2, 60.00, 12, 5, NULL, '어시스트 풀업', NULL, 0, 0),
	(97, 21, 58, 3, 30.00, 15, 4, NULL, '랫 풀 다운', NULL, 0, 0),
	(98, 21, 20, 4, 20.00, 15, 4, NULL, '바벨로우', NULL, 0, 0),
	(99, 21, 59, 5, 35.00, 20, 4, NULL, '시티드 로우', NULL, 0, 0),
	(100, 21, 60, 6, 20.00, 12, 4, NULL, '바벨컬', NULL, 0, 0),
	(101, 21, 61, 7, 15.00, 15, 3, NULL, '인클라인 덤벨컬', NULL, 0, 0),
	(143, 27, 28, 1, 20.00, 12, 4, NULL, '바벨 오버헤드 프레스', NULL, 0, 0),
	(144, 27, 29, 2, 10.00, 20, 4, NULL, '덤벨 숄더 프레스', NULL, 0, 0),
	(145, 27, 35, 3, 15.00, 12, 4, NULL, '바벨 업라이트 로우', NULL, 0, 0),
	(146, 27, 30, 4, 5.00, 15, 5, NULL, '사이드 레터럴 레이즈', NULL, 0, 0),
	(147, 27, 32, 5, 10.00, 15, 4, NULL, '리어 델트 플라이', NULL, 0, 0),
	(148, 27, 62, 6, 10.00, 15, 5, NULL, '벤트 오버 레터럴 레이즈', NULL, 0, 0),
	(149, 27, 33, 7, 10.00, 12, 3, NULL, '바벨 슈러그', NULL, 0, 0),
	(150, 28, 14, 1, 20.00, 20, 5, NULL, '레그 익스텐션', NULL, 0, 0),
	(151, 28, 63, 2, 20.00, 10, 4, NULL, '바벨 백 스쿼트', NULL, 0, 0),
	(152, 28, 64, 3, 130.00, 10, 4, NULL, '파워 레그프레스', NULL, 0, 0),
	(153, 28, 16, 4, 0.00, 10, 4, NULL, '런지', NULL, 0, 0),
	(154, 28, 65, 5, 10.00, 20, 3, NULL, '아웃타이', NULL, 0, 0),
	(155, 28, 67, 6, 10.00, 15, 3, NULL, '힙스러스트', NULL, 0, 0),
	(156, 28, 68, 7, 10.00, 15, 3, NULL, '어덕션', NULL, 0, 0),
	(178, 30, 9, 1, 20.00, 15, 5, NULL, '딥스 5세트', NULL, 0, 0),
	(179, 30, 4, 2, 0.00, 0, 0, NULL, '덤벨 벤치 프레스', NULL, 0, 0),
	(180, 30, 82, 3, 0.00, 0, 0, NULL, '체스트머신', NULL, 0, 0),
	(181, 30, 81, 4, 0.00, 0, 0, NULL, '인클라인 벤치프레스 머신', NULL, 0, 0),
	(182, 30, 7, 5, 0.00, 0, 0, NULL, '덤벨 플라이', NULL, 0, 0),
	(183, 30, 8, 6, 0.00, 0, 0, NULL, '케이블크러스오버', NULL, 0, 0),
	(184, 30, 80, 7, 0.00, 0, 0, NULL, '헤머 벤치프레스', NULL, 0, 0),
	(206, 26, 19, 1, 20.00, 15, 4, NULL, '덤벨 데드리프트', NULL, 0, 0),
	(207, 26, 1, 2, 20.00, 15, 5, NULL, '바벨 프레스1', NULL, 0, 0),
	(208, 26, 20, 3, 20.00, 15, 4, NULL, '바벨 로우1', NULL, 0, 0),
	(209, 26, 5, 4, 20.00, 12, 4, NULL, '인클라인 바벨 프레스', NULL, 0, 0),
	(210, 26, 59, 5, 35.00, 12, 4, NULL, '시티드 로우', NULL, 0, 0),
	(211, 26, 52, 6, 30.00, 12, 4, NULL, '버티컬 체스트', NULL, 0, 0),
	(297, 33, 53, 1, 30.00, 15, 4, NULL, '펙 덱 플라이', NULL, 0, 0),
	(298, 33, 6, 2, 30.00, 12, 5, NULL, '디클라인 바벨 프레스', NULL, 0, 0),
	(299, 33, 5, 3, 40.00, 12, 5, NULL, '인클라인 바벨 프레스', NULL, 0, 0),
	(300, 33, 52, 4, 20.00, 15, 4, NULL, '버티컬 체스트', NULL, 0, 0),
	(301, 33, 9, 5, 60.00, 10, 3, NULL, '딥스', NULL, 0, 0),
	(302, 33, 79, 6, 12.00, 12, 3, NULL, '오버헤드 익스텐션', NULL, 0, 0),
	(303, 33, 44, 7, 20.00, 15, 3, NULL, '케이블 트라이셉스 익스텐션', NULL, 0, 0),
	(311, 34, 56, 1, 20.00, 15, 5, NULL, '암 풀 다운', NULL, 0, 0),
	(312, 34, 57, 2, 60.00, 10, 5, NULL, '어시스트 풀업', NULL, 0, 0),
	(313, 34, 58, 3, 30.00, 15, 4, NULL, '랫 풀 다운', NULL, 0, 0),
	(314, 34, 20, 4, 30.00, 15, 4, NULL, '바벨 로우', NULL, 0, 0),
	(315, 34, 59, 5, 35.00, 20, 4, NULL, '시티드 로우', NULL, 0, 0),
	(316, 34, 60, 6, 15.00, 12, 4, NULL, '바벨 컬', NULL, 0, 0),
	(317, 34, 61, 7, 5.00, 15, 3, NULL, '인클라인 덤벨 컬', NULL, 0, 0),
	(322, 35, 75, 1, 10.00, 10, 5, NULL, '워킹런지', NULL, 0, 0),
	(323, 35, 15, 2, 10.00, 10, 7, NULL, '래그컬', NULL, 0, 0),
	(324, 35, 78, 3, 10.00, 10, 5, NULL, '스미스쿼트', NULL, 0, 0),
	(325, 35, 72, 4, 10.00, 10, 5, NULL, '고블린스쿼트', NULL, 0, 0),
	(326, 36, 53, 1, 0.00, 0, 0, NULL, '펙 덱 플라이', NULL, 0, 0),
	(327, 36, 6, 2, 0.00, 0, 0, NULL, '디클라인 바벨 프레스', NULL, 0, 0),
	(328, 36, 5, 3, 0.00, 0, 0, NULL, '인클라인 바벨 프레스', NULL, 0, 0),
	(329, 36, 52, 4, 0.00, 0, 0, NULL, '버티컬 체스트', NULL, 0, 0),
	(330, 36, 9, 5, 0.00, 0, 0, NULL, '딥스', NULL, 0, 0),
	(331, 36, 44, 6, 0.00, 0, 0, NULL, '케이블 트라이셉스 익스텐션', NULL, 0, 0),
	(339, 37, 56, 1, 20.00, 15, 5, NULL, '암 풀 다운', NULL, 0, 0),
	(340, 37, 57, 2, 60.00, 10, 5, NULL, '어시스트 풀업', NULL, 0, 0),
	(341, 37, 58, 3, 30.00, 15, 4, NULL, '랫 풀 다운', NULL, 0, 0),
	(342, 37, 20, 4, 20.00, 15, 4, NULL, '바벨 로우', NULL, 0, 0),
	(343, 37, 59, 5, 35.00, 20, 4, NULL, '시티드 로우', NULL, 0, 0),
	(344, 37, 60, 6, 10.00, 20, 4, NULL, '바벨 컬', NULL, 0, 0),
	(345, 37, 61, 7, 5.00, 15, 3, NULL, '인클라인 덤벨 컬', NULL, 0, 0),
	(367, 38, 28, 1, 20.00, 5, 3, NULL, '바벨 오버헤드 프레스', NULL, 0, 0),
	(368, 38, 29, 2, 5.00, 20, 5, NULL, '덤벨 숄더 프레스', NULL, 0, 0),
	(369, 38, 35, 3, 15.00, 12, 4, NULL, '바벨 업라이트 로우', NULL, 0, 0),
	(370, 38, 30, 4, 5.00, 15, 5, NULL, '사이드 레터럴 레이즈', NULL, 0, 0),
	(371, 38, 32, 5, 20.00, 15, 4, NULL, '리어 델트 플라이', NULL, 0, 0),
	(372, 38, 62, 6, 5.00, 15, 5, NULL, '벤트 오버 레터럴 레이즈', NULL, 0, 0),
	(373, 38, 33, 7, 10.00, 12, 3, NULL, '바벨 슈러그', NULL, 0, 0),
	(379, 39, 57, 1, 50.00, 15, 5, NULL, '어시스트 풀업', NULL, 0, 0),
	(380, 39, 58, 2, 20.00, 30, 5, NULL, '랫플다운', NULL, 0, 0),
	(381, 39, 58, 3, 20.00, 20, 5, NULL, '랫플다운', NULL, 0, 0),
	(382, 39, 59, 4, 20.00, 15, 5, NULL, '시티드 로우', NULL, 0, 0),
	(383, 39, 77, 5, 2.00, 20, 5, NULL, '티바로우', NULL, 0, 0),
	(384, 39, 19, 6, 20.00, 15, 6, NULL, '덤벨 데드리프트', NULL, 0, 0),
	(385, 40, 57, 1, 50.00, 15, 5, NULL, '어시스트 풀업', NULL, 0, 0),
	(386, 40, 58, 2, 20.00, 30, 5, NULL, '랫풀다운', NULL, 0, 0),
	(387, 40, 58, 3, 20.00, 20, 5, NULL, '랫 풀 다운', NULL, 0, 0),
	(388, 40, 59, 4, 20.00, 15, 5, NULL, '시티드 로우', NULL, 0, 0),
	(389, 40, 77, 5, 5.00, 20, 5, NULL, 'T바로우', NULL, 0, 0),
	(390, 40, 18, 6, 20.00, 15, 6, NULL, '데드리프트', NULL, 0, 0),
	(394, 43, 30, 1, 10.00, 5, 5, '', '사이드 레터럴 레이즈', NULL, 0, 0),
	(395, 43, 69, 2, 0.00, 0, 0, '', '비하인드 넥 프레스', NULL, 0, 0),
	(396, 43, 70, 3, 0.00, 0, 0, '', '머신 숄더 프레스', NULL, 0, 0),
	(397, 43, 28, 4, 0.00, 0, 0, '', '바벨 오버헤드 프레스', NULL, 0, 0),
	(398, 43, 29, 5, 0.00, 0, 0, '', '덤벨 숄더 프레스', NULL, 0, 0),
	(399, 43, 71, 6, 0.00, 0, 0, '', '바벨 프론트 레터럴 레이즈', NULL, 0, 0),
	(400, 43, 30, 7, 0.00, 0, 0, '', '사이드 레터럴 레이즈', NULL, 0, 0),
	(408, 45, 30, 1, 0.00, 0, 4, '', '사이드 레터럴 레이즈', NULL, 0, 0),
	(409, 45, 69, 2, 0.00, 0, 4, '', '비하인드 넥 프레스', NULL, 0, 0),
	(410, 45, 70, 3, 0.00, 0, 4, '', '머신 숄더 프레스', NULL, 0, 0),
	(411, 45, 28, 4, 0.00, 0, 4, '', '바벨 오버헤드 프레스', NULL, 0, 0),
	(412, 45, 29, 5, 36.00, 14, 4, '', '덤벨 숄더 프레스', NULL, 0, 0),
	(413, 45, 71, 6, 0.00, 0, 4, '', '바벨 프론트 레터럴 레이즈', NULL, 0, 0),
	(414, 45, 30, 7, 5.00, 10, 4, '', '사이드 레터럴 레이즈', NULL, 0, 0),
	(422, 47, 30, 1, 1.00, 30, 6, NULL, '사이드 레터럴 레이즈', NULL, 0, 0),
	(423, 47, 69, 2, 17.00, 10, 5, NULL, '비하인드 넥 프레스', NULL, 0, 0),
	(424, 47, 70, 3, 5.00, 13, 4, NULL, '머신 숄더 프레스', NULL, 0, 0),
	(425, 47, 28, 4, 7.00, 20, 3, NULL, '바벨 오버헤드 프레스', NULL, 0, 0),
	(426, 47, 29, 5, 0.00, 0, 0, NULL, '덤벨 숄더 프레스', NULL, 0, 0),
	(427, 47, 71, 6, 0.00, 0, 0, NULL, '바벨 프론트 레터럴 레이즈', NULL, 0, 0),
	(428, 47, 30, 7, 0.00, 0, 0, NULL, '사이드 레터럴 레이즈', NULL, 0, 0),
	(429, 48, 30, 1, 1.00, 30, 6, NULL, '사이드 레터럴 레이즈', NULL, 0, 0),
	(430, 48, 69, 2, 17.00, 10, 5, NULL, '비하인드 넥 프레스', NULL, 0, 0),
	(431, 48, 70, 3, 5.00, 13, 4, NULL, '머신 숄더 프레스', NULL, 0, 0),
	(432, 48, 28, 4, 7.00, 20, 3, NULL, '바벨 오버헤드 프레스', NULL, 0, 0),
	(433, 48, 29, 5, 0.00, 0, 0, NULL, '덤벨 숄더 프레스', NULL, 0, 0),
	(434, 48, 71, 6, 0.00, 0, 0, NULL, '바벨 프론트 레터럴 레이즈', NULL, 0, 0),
	(435, 48, 30, 7, 0.00, 0, 0, NULL, '사이드 레터럴 레이즈', NULL, 0, 0),
	(436, 49, 68, 1, 25.00, 15, 4, NULL, '어덕션', NULL, 0, 0),
	(437, 49, 67, 2, 15.00, 4, 0, NULL, '힙스러스트10', NULL, 0, 0),
	(438, 49, 11, 3, 20.00, 15, 4, NULL, '바벨스쿼트', NULL, 0, 0),
	(439, 49, 14, 4, 16.00, 20, 5, NULL, '레그익스텐션', NULL, 0, 0),
	(440, 49, 72, 5, 3.00, 15, 5, NULL, '고블릿스쿼트', NULL, 0, 0),
	(441, 50, 76, 1, 15.00, 20, 5, NULL, '라잉 레그컬', NULL, 0, 0),
	(442, 50, 73, 2, 15.00, 15, 5, NULL, '프론레그컬', NULL, 0, 0),
	(443, 50, 73, 3, 15.00, 15, 5, NULL, '프론레그컬', NULL, 0, 0),
	(444, 50, 73, 4, 15.00, 15, 5, NULL, '프론레그컬', NULL, 0, 0),
	(445, 51, 68, 1, 25.00, 20, 5, NULL, '어덕션', NULL, 0, 0),
	(446, 51, 67, 2, 10.00, 20, 5, NULL, '힙쓰러스트', NULL, 0, 0),
	(447, 51, 11, 3, 20.00, 20, 4, NULL, '바벨스쿼트', NULL, 0, 0),
	(448, 51, 14, 4, 32.00, 20, 5, NULL, '레그익스텐션', NULL, 0, 0),
	(449, 51, 72, 5, 5.00, 12, 3, NULL, '고블릿스쿼트', NULL, 0, 0),
	(450, 51, 75, 6, 3.00, 2, 2, NULL, '워킹런지', NULL, 0, 0),
	(452, 53, 6, 1, 30.00, 12, 5, NULL, '디클라인 바벨 프레스', NULL, 0, 0),
	(453, 53, 9, 2, 60.00, 10, 3, NULL, '딥스', NULL, 0, 0),
	(454, 53, 53, 3, 30.00, 15, 4, NULL, '펙 덱 플라이', NULL, 0, 0),
	(455, 53, 5, 4, 20.00, 12, 5, NULL, '인클라인 바벨 프레스', NULL, 0, 0),
	(456, 53, 52, 5, 30.00, 12, 4, NULL, '버티컬 체스트', NULL, 0, 0),
	(458, 54, 14, 1, 16.00, 50, 3, NULL, '레그익스텐션', NULL, 0, 0),
	(459, 54, 72, 2, 0.00, 20, 4, NULL, '고블릿스쿼트', NULL, 0, 0),
	(460, 54, 13, 3, 35.00, 20, 5, NULL, '레그프레스', NULL, 0, 0),
	(461, 54, 98, 4, 35.00, 20, 5, NULL, '시티드 레그컬', NULL, 0, 0),
	(462, 54, 75, 5, 0.00, 0, 4, NULL, '워킹런지', NULL, 0, 0),
	(472, 55, 14, 1, 0.00, 0, 5, NULL, '레그 익스텐션', NULL, 0, 0),
	(473, 55, NULL, 2, 0.00, 0, 5, NULL, '09/29', 35, 1, 0),
	(474, 55, 72, 3, 0.00, 0, 5, NULL, '고블릿스쿼트', NULL, 0, 0),
	(475, 55, 13, 4, 0.00, 0, 1, NULL, '레그 프레스', NULL, 0, 0),
	(476, 55, NULL, 5, 0.00, 0, 3, NULL, '55x15x3', 39, 1, 0),
	(477, 55, 98, 6, 0.00, 0, 4, NULL, '시티드 레그컬', NULL, 0, 0),
	(478, 55, 75, 7, 3.00, 1, 4, NULL, '워킹 런지', NULL, 0, 0),
	(479, 56, 75, 1, 0.00, 0, 0, NULL, '워킹 런지', NULL, 0, 0),
	(481, 57, 56, 1, 20.00, 15, 5, NULL, '암 풀 다운', NULL, 0, 0),
	(482, 57, 57, 2, 60.00, 8, 5, NULL, '어시스트 풀업', NULL, 0, 0),
	(483, 57, 58, 3, 30.00, 15, 4, NULL, '랫 풀 다운', NULL, 0, 0),
	(484, 57, 77, 4, 10.00, 15, 4, NULL, '바벨 로우', NULL, 0, 0),
	(485, 57, 59, 5, 35.00, 20, 4, NULL, '시티드 로우', NULL, 0, 0),
	(486, 57, 60, 6, 15.00, 12, 4, NULL, '바벨 컬', NULL, 0, 0),
	(487, 57, 25, 7, 5.00, 15, 3, NULL, '인클라인 덤벨 컬', NULL, 0, 0),
	(517, 58, NULL, 1, 0.00, 0, 0, NULL, '09/30-가슴', 41, 1, 0),
	(518, 58, 53, 2, 20.00, 15, 6, NULL, '펙 덱 플라이', NULL, 0, 0),
	(519, 58, 81, 3, 0.00, 20, 1, NULL, '인클라인 벤치프레스 머신', NULL, 0, 0),
	(520, 58, 81, 4, 5.00, 20, 4, NULL, '인클라인 벤치프레스 머신', NULL, 0, 0),
	(521, 58, 2, 5, 7.00, 15, 5, NULL, '인클라인 덤벨 프레스', NULL, 0, 0),
	(522, 58, 102, 6, 3.00, 20, 5, NULL, '인클라인 덤벨 플라이', NULL, 0, 0),
	(523, 58, 52, 7, 32.00, 15, 2, NULL, '버티컬 체스트', NULL, 0, 0),
	(524, 58, 9, 8, 55.00, 15, 5, NULL, '딥스', NULL, 0, 0),
	(525, 59, 56, 1, 10.00, 20, 5, NULL, '암풀다운', NULL, 0, 0),
	(526, 59, 19, 2, 15.00, 15, 5, NULL, '데드리프트', NULL, 0, 0),
	(527, 59, 58, 3, 20.00, 15, 5, NULL, '랫풀다운', NULL, 0, 0),
	(528, 59, 21, 4, 5.00, 15, 6, NULL, '덤벨로우', NULL, 0, 0),
	(529, 59, 57, 5, 50.00, 10, 5, NULL, '어시스트풀업', NULL, 0, 0),
	(530, 60, 28, 1, 20.00, 10, 4, NULL, '바벨 오버헤드 프레스', NULL, 0, 0),
	(531, 60, 29, 2, 5.00, 20, 5, NULL, '덤벨 숄더 프레스', NULL, 0, 0),
	(532, 60, 35, 3, 15.00, 12, 4, NULL, '바벨 업라이트 로우', NULL, 0, 0),
	(533, 60, 30, 4, 5.00, 15, 5, NULL, '사이드 레터럴 레이즈', NULL, 0, 0),
	(534, 60, 32, 5, 20.00, 15, 4, NULL, '리어 델트 플라이', NULL, 0, 0),
	(535, 60, 62, 6, 5.00, 15, 5, NULL, '벤트 오버 레터럴 레이즈', NULL, 0, 0),
	(536, 60, 33, 7, 15.00, 12, 3, NULL, '바벨 슈러그', NULL, 0, 0),
	(537, 61, 14, 1, 11.50, 25, 4, NULL, '레그 익스텐션', NULL, 0, 0),
	(538, 61, 63, 2, 20.00, 10, 4, NULL, '바벨 백 스쿼트', NULL, 0, 0),
	(539, 61, 64, 3, 130.00, 10, 4, NULL, '파워 레그프레스', NULL, 0, 0),
	(540, 61, 16, 4, 5.00, 15, 4, NULL, '런지', NULL, 0, 0),
	(541, 61, 65, 5, 15.00, 20, 5, NULL, '아웃타이', NULL, 0, 0),
	(542, 61, 67, 6, 10.00, 15, 5, NULL, '힙스러스트', NULL, 0, 0),
	(543, 61, 68, 7, 15.00, 15, 5, NULL, '어덕션', NULL, 0, 0),
	(544, 61, NULL, 8, 10.00, 10, 5, NULL, '임시운동', 45, 1, 0),
	(554, 62, 30, 1, 2.00, 10, 5, NULL, '사이드 레터럴 레이즈', NULL, 0, 0),
	(555, 62, 71, 2, 2.00, 10, 5, NULL, '바벨 프론트 레터럴 레이즈', NULL, 0, 0),
	(556, 62, 29, 3, 2.00, 10, 5, NULL, '덤벨 숄더 프레스', NULL, 0, 0),
	(560, 61, 1, 9, 10.50, 10, 10, NULL, '벤치프레스', NULL, 0, 0),
	(561, 65, 69, 1, 7.00, 12, 3, NULL, '비하인드 넥 프레스', NULL, 0, 0),
	(562, 65, 28, 2, 7.00, 12, 3, NULL, '바벨 오버헤드 프레스', NULL, 0, 0),
	(563, 65, 29, 3, 3.00, 30, 2, NULL, '덤벨숄더프레스', NULL, 0, 0),
	(564, 61, 4, 10, 10.50, 10, 10, NULL, '벤치프레스', NULL, 0, 0),
	(567, 68, NULL, 1, 0.00, 0, 0, NULL, '10/01-등', 46, 1, 0),
	(568, 68, 56, 2, 15.00, 15, 5, NULL, '암풀다운', NULL, 0, 0),
	(569, 68, 19, 3, 20.00, 15, 5, NULL, '데드리프트', NULL, 0, 0),
	(570, 68, 21, 4, 6.00, 25, 4, NULL, '덤벨로우', NULL, 0, 0),
	(571, 68, 58, 5, 25.00, 15, 5, NULL, '랫풀다운', NULL, 0, 0),
	(572, 68, 20, 6, 7.00, 20, 1, NULL, '바벨 로우', NULL, 0, 0),
	(573, 68, 101, 8, 17.00, 15, 1, NULL, '언더그립 바벨로우', NULL, 0, 0),
	(574, 68, 77, 9, 12.00, 20, 1, NULL, '', NULL, 0, 0),
	(575, 68, 57, 10, 45.00, 15, 5, NULL, '어시스트 풀업', NULL, 0, 0),
	(576, 69, 93, 1, 35.00, 20, 5, NULL, '시티드 레그 프레스', NULL, 0, 0),
	(577, 69, 65, 2, 47.00, 20, 5, NULL, '아웃타이', NULL, 0, 0),
	(578, 69, 86, 3, 0.00, 20, 6, NULL, 'V스쿼트 머신 굿모닝', NULL, 0, 0),
	(579, 69, 100, 4, 3.00, 15, 5, NULL, '크로스 런지', NULL, 0, 0),
	(580, 69, 19, 5, 7.00, 12, 5, NULL, '덤벨 데드리프트', NULL, 0, 0),
	(581, 70, 19, 2, 25.00, 15, 4, NULL, '데드리프트', NULL, 0, 0),
	(582, 70, 57, 3, 50.00, 15, 5, NULL, '어시스트 풀업', NULL, 0, 0),
	(583, 70, 21, 4, 5.00, 20, 5, NULL, '덤벨로우', NULL, 0, 0),
	(584, 70, 58, 5, 20.00, 5, 0, NULL, '랫 풀 다운', NULL, 0, 0),
	(585, 70, 59, 6, 35.00, 15, 5, NULL, '시티드로우', NULL, 0, 0),
	(586, 70, 30, 7, 2.00, 20, 5, NULL, '사이드레터럴레이즈', NULL, 0, 0),
	(587, 70, 29, 8, 6.00, 15, 5, NULL, '숄더프레스', NULL, 0, 0),
	(588, 70, 70, 9, 10.00, 15, 5, NULL, '숄더프레스머신', NULL, 0, 0),
	(589, 70, 99, 10, 15.00, 20, 5, NULL, '리버스 플라이', NULL, 0, 0),
	(590, 71, 59, 1, 25.00, 15, 5, NULL, '시티드로우', NULL, 0, 0),
	(591, 71, 1, 2, 20.00, 12, 5, NULL, '벤치프레스', NULL, 0, 0),
	(592, 71, 57, 3, 50.00, 12, 5, NULL, '어시스트풀업', NULL, 0, 0),
	(593, 71, 4, 4, 5.00, 15, 5, NULL, '덤벨벤치프레스', NULL, 0, 0),
	(594, 71, 29, 5, 3.00, 20, 2, NULL, '덤벨숄더프레스', NULL, 0, 0),
	(595, 71, 29, 6, 5.00, 15, 2, NULL, '덤벨숄더프레스', NULL, 0, 0),
	(596, 71, 30, 7, 2.00, 20, 5, NULL, '사이드레터럴레이즈', NULL, 0, 0),
	(597, 72, 6, 1, 30.00, 12, 5, NULL, '디클라인 바벨 프레스', NULL, 0, 0),
	(598, 72, 9, 5, 60.00, 10, 3, NULL, '딥스', NULL, 0, 0),
	(599, 72, 53, 2, 30.00, 15, 4, NULL, '펙 덱 플라이', NULL, 0, 0),
	(600, 72, 5, 3, 20.00, 12, 5, NULL, '인클라인 바벨 프레스', NULL, 0, 0),
	(601, 72, 52, 4, 30.00, 12, 4, NULL, '버티컬 체스트', NULL, 0, 0),
	(602, 72, 22, 6, 10.00, 15, 5, NULL, '케이블', NULL, 0, 0),
	(603, 73, 98, 1, 20.00, 20, 5, NULL, '시티드 레그컬', NULL, 0, 0),
	(604, 73, 11, 2, 20.00, 20, 5, NULL, '바벨스쿼트', NULL, 0, 0),
	(605, 73, 14, 3, 16.00, 25, 5, NULL, '레그익스텐션', NULL, 0, 0),
	(606, 73, 72, 4, 20.00, 1, 0, NULL, '고블릿스쿼트', NULL, 0, 0),
	(607, 73, 72, 5, 3.00, 16, 1, NULL, '고블릿스쿼트', NULL, 0, 0),
	(608, 73, 72, 6, 5.00, 12, 1, NULL, '고블릿스쿼트', NULL, 0, 0),
	(609, 73, 72, 7, 8.00, 1, 0, NULL, '고블릿스쿼트', NULL, 0, 0),
	(610, 73, 75, 8, 4.00, 0, 0, NULL, '워킹 런지', NULL, 0, 0),
	(611, 73, 65, 9, 40.00, 20, 5, NULL, '아웃타이', NULL, 0, 0),
	(612, 74, NULL, 1, 0.00, 0, 0, NULL, '주말 잘 보내셨습니까!!', 61, 1, 0),
	(613, 74, NULL, 2, 0.00, 0, 0, NULL, '10/13-하체', 62, 1, 0),
	(614, 74, 65, 3, 40.00, 30, 5, NULL, '아웃타이', NULL, 0, 0),
	(615, 74, 67, 4, 10.00, 20, 2, NULL, '힙스러스트', NULL, 0, 0),
	(616, 74, 67, 5, 20.00, 12, 1, NULL, '힙스러스트', NULL, 0, 0),
	(617, 74, 67, 6, 20.00, 15, 1, NULL, '힙스러스트', NULL, 0, 0),
	(618, 74, 75, 7, 6.00, 1, 0, NULL, '워킹런지', NULL, 0, 0),
	(619, 74, 75, 8, 7.00, 3, 0, NULL, '워킹 런지', NULL, 0, 0),
	(620, 74, 68, 9, 25.00, 20, 1, NULL, '어덕션', NULL, 0, 0),
	(621, 74, 68, 10, 25.00, 15, 2, NULL, '어덕션', NULL, 0, 0),
	(622, 74, 72, 11, 5.00, 20, 4, NULL, '스쿼트', NULL, 0, 0),
	(623, 74, 14, 12, 23.00, 15, 5, NULL, '레그익스텐션', NULL, 0, 0),
	(624, 74, NULL, 13, 0.00, 0, 0, NULL, '금일루틴입니다🫡🫡', 65, 1, 0),
	(625, 75, 65, 1, 55.00, 20, 5, NULL, '아웃타이', NULL, 0, 0),
	(626, 75, 67, 2, 0.00, 30, 5, NULL, '힙쓰러스트', NULL, 0, 0),
	(627, 75, 93, 3, 55.00, 15, 4, NULL, '시티드 레그 프레스', NULL, 0, 0),
	(628, 75, 75, 4, 3.00, 0, 1, NULL, '워킹런지', NULL, 0, 0),
	(629, 75, 14, 5, 16.00, 20, 5, NULL, '레그익스텐션', NULL, 0, 0),
	(630, 76, 53, 1, 30.00, 15, 4, NULL, '펙 덱 플라이', NULL, 0, 0),
	(631, 76, 6, 2, 30.00, 12, 5, NULL, '디클라인 바벨 프레스', NULL, 0, 0),
	(632, 76, 5, 3, 20.00, 12, 5, NULL, '인클라인 바벨 프레스', NULL, 0, 0),
	(633, 76, 52, 4, 30.00, 12, 4, NULL, '버티컬 체스트', NULL, 0, 0),
	(635, 76, 4, 5, 20.00, 12, 4, NULL, '바벨', NULL, 0, 0),
	(636, 76, 82, 6, 10.00, 12, 5, NULL, '체스트', NULL, 0, 0),
	(637, 77, NULL, 1, 0.00, 0, 0, NULL, '10/14-가슴', 66, 1, 0),
	(638, 77, 53, 2, 20.00, 15, 5, NULL, '펙덱플라이', NULL, 0, 0),
	(639, 77, 97, 3, 10.00, 5, 0, NULL, '어시스트 딥스', NULL, 0, 0),
	(640, 77, 4, 4, 6.00, 15, 5, NULL, '덤벨벤치', NULL, 0, 0),
	(641, 77, 1, 8, 20.00, 30, 2, NULL, '벤치프레스', NULL, 0, 0),
	(642, 77, 52, 9, 16.00, 25, 5, NULL, '버티컬 체스트', NULL, 0, 0),
	(643, 77, 7, 10, 4.00, 15, 3, NULL, '덤벨플라이', NULL, 0, 0),
	(644, 78, 53, 1, 10.00, 15, 3, NULL, '펙덱플라이', NULL, 0, 0),
	(645, 78, 51, 3, 5.00, 12, 1, NULL, '덤벨프레스', NULL, 0, 0),
	(646, 78, 4, 4, 6.00, 10, 1, NULL, '덤벨 벤치 프레스', NULL, 0, 0),
	(647, 78, 52, 5, 10.00, 15, 4, NULL, '버티컬체스트', NULL, 0, 0),
	(648, 78, 7, 6, 2.00, 20, 4, NULL, '덤벨플라이', NULL, 0, 0),
	(649, 79, 59, 1, 25.00, 20, 5, NULL, '시티드로우', NULL, 0, 0),
	(650, 79, 19, 2, 20.00, 15, 6, NULL, '데드리프트', NULL, 0, 0),
	(651, 79, 58, 3, 20.00, 15, 5, NULL, '랫풀다운', NULL, 0, 0),
	(652, 79, 77, 4, 5.00, 15, 5, NULL, 'T바 로우', NULL, 0, 0),
	(653, 79, 96, 5, 25.00, 16, 6, NULL, '하이 롱 풀', NULL, 0, 0),
	(654, 79, 21, 6, 6.00, 20, 6, NULL, '덤벨로우', NULL, 0, 0),
	(655, 80, NULL, 1, 0.00, 0, 0, NULL, '10/15-등', 71, 1, 0),
	(656, 80, 59, 2, 35.00, 16, 5, NULL, '시티드로우', NULL, 0, 0),
	(657, 80, 58, 3, 20.00, 16, 1, NULL, '랫풀다운', NULL, 0, 0),
	(658, 80, NULL, 4, 25.00, 16, 1, NULL, '랫플다운', 20, 1, 0),
	(659, 80, 58, 5, 30.00, 16, 3, NULL, '랫 풀 다운', NULL, 0, 0),
	(660, 80, 19, 6, 20.00, 16, 5, NULL, '데드리프트', NULL, 0, 0),
	(661, 80, 96, 7, 20.00, 20, 5, NULL, '하이 롱 풀', NULL, 0, 0),
	(662, 80, 21, 8, 6.00, 20, 5, NULL, '덤벨로우', NULL, 0, 0),
	(663, 80, NULL, 9, 5.00, 18, 5, NULL, '티바로우', 19, 1, 0),
	(665, 81, 30, 2, 2.00, 20, 5, NULL, '사이드 레터럴 레이즈', NULL, 0, 0),
	(666, 81, 28, 3, 5.00, 20, 1, NULL, '바벨 오버헤드 프레스', NULL, 0, 0),
	(667, 81, 28, 4, 12.50, 16, 1, NULL, '오버헤드프레스', NULL, 0, 0),
	(668, 81, 28, 5, 5.00, 12, 1, NULL, '바벨 오버헤드 프레스', NULL, 0, 0),
	(669, 81, 28, 6, 22.50, 8, 1, NULL, '오버헤드프레스', NULL, 0, 0),
	(670, 81, 94, 7, 2.00, 20, 5, NULL, '덤벨 프론트 레터럴 레이즈', NULL, 0, 0),
	(671, 81, 62, 8, 2.00, 20, 5, NULL, '벤트오버레터럴레이즈', NULL, 0, 0),
	(672, 81, 95, 9, 10.00, 30, 4, NULL, '페이스풀', NULL, 0, 0),
	(673, 81, 32, 10, 15.00, 15, 6, NULL, '리어 델트 플라이', NULL, 0, 0),
	(674, 82, 98, 1, 20.00, 20, 5, NULL, '시티드 레그컬', NULL, 0, 0),
	(675, 82, 92, 2, 20.00, 15, 5, NULL, '루마니안 데드리프트', NULL, 0, 0),
	(676, 82, 13, 3, 95.00, 8, 5, NULL, '레그프레스', NULL, 0, 0),
	(677, 82, 68, 4, 25.00, 20, 5, NULL, '어덕션', NULL, 0, 0),
	(682, 83, 98, 2, 20.00, 20, 5, NULL, '시티드 레그컬', NULL, 0, 0),
	(683, 83, 92, 3, 15.00, 5, 0, NULL, '루마니안 데드리프트', NULL, 0, 0),
	(684, 83, 93, 4, 95.00, 8, 5, NULL, '시티드 레그 프레스', NULL, 0, 0),
	(685, 83, 68, 6, 47.00, 8, 4, NULL, '어덕션', NULL, 0, 0),
	(686, 83, 72, 5, 5.00, 20, 5, NULL, '고블릿 스쿼트', NULL, 0, 0),
	(687, 83, 14, 7, 16.00, 25, 5, NULL, '레그익스텐션', NULL, 0, 0),
	(688, 83, 75, 8, 3.00, 0, 4, NULL, '워킹런지', NULL, 0, 0),
	(689, 83, NULL, 9, 0.00, 0, 0, NULL, '한 주 고생하셨습니다🫡', 85, 1, 0),
	(690, 82, 88, 8, 3.00, 10, 6, NULL, '원레그 데드리프트', NULL, 0, 0),
	(691, 83, 65, 10, 55.00, 20, 5, NULL, '아웃타이', NULL, 0, 0),
	(699, 84, NULL, 1, 0.00, 0, 0, NULL, '10/20 하체', 87, 1, 0),
	(700, 84, 68, 2, 25.00, 15, 1, NULL, '어덕션', NULL, 0, 0),
	(701, 84, 68, 3, 32.00, 15, 4, NULL, '어덕션', NULL, 0, 0),
	(702, 84, 72, 4, 5.00, 20, 1, NULL, '고블릿스쿼트', NULL, 0, 0),
	(703, 84, 72, 5, 7.00, 20, 1, NULL, '고블릿스쿼트', NULL, 0, 0),
	(704, 84, 72, 6, 10.00, 15, 3, NULL, '고블릿스쿼트', NULL, 0, 0),
	(705, 84, 64, 7, 120.00, 15, 5, NULL, '파워 레그프레스', NULL, 0, 0),
	(706, 84, 75, 8, 5.00, 0, 1, NULL, '워킹 런지', NULL, 0, 0),
	(707, 84, 14, 9, 16.00, 25, 5, NULL, '레그 익스텐션', NULL, 0, 0),
	(708, 84, 87, 10, 3.00, 15, 4, NULL, '스플릿 스쿼트', NULL, 0, 0),
	(709, 85, 53, 1, 30.00, 15, 5, NULL, '펙 덱 플라이', NULL, 0, 0),
	(710, 85, 6, 2, 30.00, 12, 5, NULL, '디클라인 바벨 프레스', NULL, 0, 0),
	(711, 85, 5, 3, 20.00, 12, 5, NULL, '인클라인 바벨 프레스', NULL, 0, 0),
	(712, 85, 52, 4, 30.00, 12, 5, NULL, '버티컬 체스트', NULL, 0, 0),
	(713, 85, 4, 5, 20.00, 12, 4, NULL, '덤벨 벤치 프레스', NULL, 0, 0),
	(714, 85, 82, 6, 10.00, 12, 5, NULL, '체스트 프레스', NULL, 0, 0),
	(715, 86, NULL, 1, 0.00, 0, 0, NULL, '10/21 가슴', 89, 1, 0),
	(716, 86, 53, 2, 10.00, 20, 5, NULL, '펙덱플라이', NULL, 0, 0),
	(717, 86, 9, 3, 12.00, 5, 0, NULL, '딥스', NULL, 0, 0),
	(718, 86, 51, 4, 6.00, 20, 1, NULL, '덤벨 프레스', NULL, 0, 0),
	(719, 86, 51, 5, 8.00, 16, 1, NULL, '덤벨 프레스', NULL, 0, 0),
	(720, 86, 51, 6, 10.00, 12, 3, NULL, '덤벨 프레스', NULL, 0, 0),
	(721, 86, 8, 7, 5.00, 15, 5, NULL, '케이블크로스오버', NULL, 0, 0),
	(722, 86, 91, 8, 10.00, 15, 1, NULL, '스미스 머신 벤치프레스', NULL, 0, 0),
	(723, 86, 91, 9, 13.00, 15, 4, NULL, '스미스 머신 벤치프레스', NULL, 0, 0),
	(724, 86, 52, 10, 23.00, 16, 5, NULL, '버티컬체스트', NULL, 0, 0),
	(726, 87, 58, 6, 30.00, 15, 4, NULL, '랫 풀 다운', NULL, 0, 0),
	(727, 87, 56, 1, 20.00, 15, 5, NULL, '암 풀 다운', NULL, 0, 0),
	(728, 87, 77, 4, 10.00, 15, 4, NULL, 'T바 로우', NULL, 0, 0),
	(729, 87, 59, 3, 40.00, 15, 4, NULL, '시티드 로우', NULL, 0, 0),
	(732, 87, 19, 5, 40.00, 10, 4, NULL, '데드리프트', NULL, 0, 0),
	(737, 87, 18, 7, 40.00, 12, 5, NULL, '데드리프트', NULL, 0, 0),
	(738, 88, 28, 1, 20.00, 10, 4, NULL, '바벨 오버헤드 프레스', NULL, 0, 0),
	(739, 88, 29, 2, 5.00, 20, 5, NULL, '덤벨 숄더 프레스', NULL, 0, 0),
	(740, 88, 35, 3, 15.00, 12, 4, NULL, '바벨 업라이트 로우', NULL, 0, 0),
	(741, 88, 30, 4, 5.00, 15, 5, NULL, '사이드 레터럴 레이즈', NULL, 0, 0),
	(742, 88, 32, 5, 20.00, 15, 4, NULL, '리어 델트 플라이', NULL, 0, 0),
	(743, 88, 62, 6, 5.00, 15, 5, NULL, '벤트 오버 레터럴 레이즈', NULL, 0, 0),
	(744, 88, 33, 7, 15.00, 12, 3, NULL, '바벨 슈러그', NULL, 0, 0),
	(745, 89, NULL, 1, 0.00, 0, 0, NULL, '10/22 등', 93, 1, 0),
	(746, 89, 56, 2, 15.00, 20, 5, NULL, '암풀다운', NULL, 0, 0),
	(747, 89, 58, 3, 20.00, 20, 5, NULL, '랫풀다운', NULL, 0, 0),
	(748, 89, 19, 5, 30.00, 15, 4, NULL, '데드리프트', NULL, 0, 0),
	(749, 89, 59, 6, 25.00, 15, 2, NULL, '시티드로우', NULL, 0, 0),
	(750, 89, 59, 7, 25.00, 20, 3, NULL, '시티드로우', NULL, 0, 0),
	(751, 89, 57, 8, 50.00, 12, 5, NULL, '어시스트 풀업', NULL, 0, 0),
	(752, 89, 77, 9, 5.00, 15, 5, NULL, 'T바 로우', NULL, 0, 0),
	(753, 90, NULL, 1, 0.00, 0, 0, NULL, '10/23 어깨', 95, 1, 0),
	(754, 90, 69, 2, 7.50, 20, 2, NULL, '비하인드 넥프레스', NULL, 0, 0),
	(755, 90, 69, 3, 12.50, 16, 1, NULL, '비하인드 넥프레스', NULL, 0, 0),
	(756, 90, 69, 4, 5.00, 12, 1, NULL, '비하인드 넥 프레스', NULL, 0, 0),
	(757, 90, 28, 5, 5.00, 12, 1, NULL, '바벨 오버헤드 프레스', NULL, 0, 0),
	(758, 90, 28, 6, 5.00, 12, 4, NULL, '바벨 오버헤드 프레스', NULL, 0, 0),
	(759, 90, 31, 7, 7.50, 20, 4, NULL, '프론트 레터럴 레이즈', NULL, 0, 0),
	(760, 90, 70, 8, 15.00, 5, 0, NULL, '머신 숄더 프레스', NULL, 0, 0),
	(761, 90, 90, 9, 5.00, 15, 5, NULL, '케이블 프론트 레이즈', NULL, 0, 0),
	(762, 90, 30, 10, 3.00, 20, 5, NULL, '사이드 레터럴 레이즈', NULL, 0, 0),
	(763, 91, NULL, 1, 0.00, 0, 0, NULL, '10/24 하체', 102, 1, 0),
	(764, 91, 76, 2, 15.00, 20, 5, NULL, '라잉레그컬', NULL, 0, 0),
	(765, 91, 86, 3, 30.00, 1, 0, NULL, 'V스쿼트 머신 굿모닝', NULL, 0, 0),
	(766, 91, 86, 4, 20.00, 25, 3, NULL, 'V스쿼트 머신 굿모닝', NULL, 0, 0),
	(767, 91, 88, 5, 5.00, 15, 4, NULL, '원레그 데드리프트', NULL, 0, 0),
	(768, 91, 68, 6, 20.00, 15, 5, NULL, '어덕션', NULL, 0, 0),
	(769, 91, 89, 7, 20.00, 5, 0, NULL, '맨몸 스쿼트', NULL, 0, 0),
	(770, 91, 14, 8, 16.00, 20, 4, NULL, '레그익스텐션', NULL, 0, 0),
	(771, 91, 87, 9, 12.00, 3, 0, NULL, '스플릿 스쿼트', NULL, 0, 0),
	(772, 91, 87, 10, 0.00, 0, 0, NULL, '스플릿 스쿼트', NULL, 0, 0),
	(773, 92, 53, 1, 30.00, 15, 5, NULL, '펙 덱 플라이', NULL, 0, 0),
	(774, 92, 6, 2, 30.00, 12, 5, NULL, '디클라인 바벨 프레스', NULL, 0, 0),
	(775, 92, 5, 3, 20.00, 12, 5, NULL, '인클라인 바벨 프레스', NULL, 0, 0),
	(776, 92, 52, 4, 20.00, 12, 5, NULL, '버티컬 체스트', NULL, 0, 0),
	(777, 92, 4, 5, 20.00, 12, 5, NULL, '덤벨 벤치 프레스', NULL, 0, 0),
	(778, 92, 82, 6, 10.00, 12, 5, NULL, '체스트 프레스', NULL, 0, 0),
	(779, 93, 56, 1, 15.00, 15, 5, NULL, '암 풀 다운', NULL, 0, 0),
	(780, 93, 59, 2, 40.00, 15, 4, NULL, '시티드 로우', NULL, 0, 0),
	(783, 93, 58, 5, 30.00, 15, 4, NULL, '랫 풀 다운', NULL, 0, 0),
	(784, 93, 18, 6, 40.00, 12, 3, NULL, '바벨 데드리프트', NULL, 0, 0),
	(785, 93, 58, 7, 30.00, 12, 4, NULL, '랫', NULL, 0, 0),
	(793, 94, NULL, 1, 0.00, 0, 0, NULL, '10/29', 108, 1, 0),
	(794, 94, 56, 2, 15.00, 15, 5, NULL, '암 풀 다운', NULL, 0, 0),
	(795, 94, 84, 3, 20.00, 20, 5, NULL, '비하인드 랫 풀 다운', NULL, 0, 0),
	(796, 94, 20, 4, 15.00, 30, 5, NULL, '바벨 로우', NULL, 0, 0),
	(797, 94, 57, 5, 45.00, 15, 5, NULL, '어시트 풀업', NULL, 0, 0),
	(798, 94, 59, 6, 30.00, 5, 0, NULL, '시티드 로우', NULL, 0, 0),
	(799, 94, 83, 7, 4.00, 40, 5, NULL, '원암 덤벨 로우', NULL, 0, 0),
	(800, 95, NULL, 1, 0.00, 0, 0, NULL, '10/30', 114, 1, 0),
	(801, 95, 28, 2, 7.00, 30, 5, NULL, '바벨 오버헤드 프레스', NULL, 0, 0),
	(802, 95, 70, 3, 5.00, 30, 5, NULL, '머신숄더프레스', NULL, 0, 0),
	(803, 95, 29, 4, 3.00, 30, 5, NULL, '덤벨숄더프레스', NULL, 0, 0),
	(804, 95, 71, 5, 2.00, 30, 4, NULL, '프론트', NULL, 0, 0),
	(805, 95, 30, 6, 100.00, 1, 0, NULL, '사이드 레터럴 레이즈', NULL, 0, 0),
	(806, 95, 30, 7, 1.00, 100, 1, NULL, '사이드 레터럴 레이즈', NULL, 0, 0),
	(807, 96, NULL, 1, 0.00, 0, 0, NULL, '10/31', 117, 1, 0),
	(808, 96, 98, 2, 20.00, 20, 4, NULL, '시티드 레그컬', NULL, 0, 0),
	(809, 96, 75, 3, 1.00, 1, 0, NULL, '워킹 런지', NULL, 0, 0),
	(810, 96, 75, 4, 5.00, 1, 1, NULL, '워킹런지', NULL, 0, 0),
	(811, 96, 75, 5, 8.00, 1, 1, NULL, '워킹런지', NULL, 0, 0),
	(812, 96, 75, 6, 10.00, 1, 1, NULL, '워킹런지', NULL, 0, 0),
	(813, 96, 65, 7, 40.00, 20, 5, NULL, '아웃타이', NULL, 0, 0),
	(814, 96, 72, 8, 10.00, 20, 5, NULL, '스쿼트', NULL, 0, 0),
	(815, 96, 14, 9, 16.00, 20, 5, NULL, '레그익스텐션', NULL, 0, 0),
	(816, 97, 53, 1, 30.00, 15, 5, NULL, '펙 덱 플라이', NULL, 0, 0),
	(817, 97, 6, 2, 30.00, 12, 5, NULL, '디클라인 바벨 프레스', NULL, 0, 0),
	(818, 97, 5, 3, 20.00, 12, 5, NULL, '인클라인 바벨 프레스', NULL, 0, 0),
	(819, 97, 52, 4, 20.00, 12, 5, NULL, '버티컬 체스트', NULL, 0, 0),
	(820, 97, 4, 5, 12.50, 12, 5, NULL, '덤벨 벤치 프레스', NULL, 0, 0),
	(821, 97, 82, 6, 10.00, 12, 5, NULL, '체스트 프레스', NULL, 0, 0),
	(822, 98, NULL, 1, 0.00, 0, 0, NULL, '11/3', 119, 1, 0),
	(823, 98, 14, 4, 16.00, 50, 1, NULL, '레그익스텐션', NULL, 0, 0),
	(824, 98, 14, 5, 16.00, 60, 1, NULL, '레그 익스텐션', NULL, 0, 0),
	(825, 98, 72, 6, 30.00, 1, 0, NULL, '고블릿스쿼트', NULL, 0, 0),
	(826, 98, 72, 7, 40.00, 1, 0, NULL, '고블릿스쿼트', NULL, 0, 0),
	(827, 98, 72, 8, 50.00, 1, 0, NULL, '고블릿스쿼트', NULL, 0, 0),
	(828, 98, 72, 9, 5.00, 20, 3, NULL, '고블릿스쿼트', NULL, 0, 0),
	(829, 98, 64, 10, 90.00, 20, 4, NULL, '파워 레그프레스', NULL, 0, 0),
	(830, 98, 68, 11, 32.00, 12, 5, NULL, '어덕션', NULL, 0, 0),
	(831, 98, 75, 12, 5.00, 1, 1, NULL, '워킹런지', NULL, 0, 0),
	(832, 98, 75, 13, 7.00, 1, 1, NULL, '워킹런지', NULL, 0, 0),
	(833, 98, 75, 14, 10.00, 1, 1, NULL, '워킹런지', NULL, 0, 0),
	(834, 98, 65, 15, 47.00, 20, 5, NULL, '아웃타이', NULL, 0, 0);

-- 테이블 hellchang.m_workout_session 구조 내보내기
CREATE TABLE IF NOT EXISTS `m_workout_session` (
  `session_id` bigint(20) NOT NULL AUTO_INCREMENT,
  `user_id` bigint(20) NOT NULL,
  `workout_date` date NOT NULL,
  `note` varchar(255) DEFAULT NULL,
  `duration` decimal(6,2) DEFAULT NULL COMMENT '운동 시간(분)',
  `start_time` datetime DEFAULT NULL COMMENT '운동 시작시간',
  `end_time` datetime DEFAULT NULL COMMENT '운동 종료시간',
  PRIMARY KEY (`session_id`)
) ENGINE=InnoDB AUTO_INCREMENT=99 DEFAULT CHARSET=utf8mb4 COLLATE=utf8mb4_general_ci COMMENT='운동 세션(일자)';

-- 테이블 데이터 hellchang.m_workout_session:~66 rows (대략적) 내보내기
INSERT IGNORE INTO `m_workout_session` (`session_id`, `user_id`, `workout_date`, `note`, `duration`, `start_time`, `end_time`) VALUES
	(1, 1, '2025-08-27', '가슴/삼두', NULL, NULL, NULL),
	(2, 6, '2025-08-28', '오늘의 운동', NULL, NULL, NULL),
	(4, 6, '2025-08-28', '오늘의 운동', NULL, NULL, NULL),
	(10, 6, '2025-09-08', '오늘의 운동', NULL, '2025-09-09 18:00:41', NULL),
	(21, 6, '2025-09-09', '', NULL, '2025-09-09 20:18:35', '2025-09-09 21:19:04'),
	(26, 6, '2025-09-12', '', NULL, '2025-09-12 19:57:18', NULL),
	(27, 6, '2025-09-11', '', NULL, '2025-09-11 15:21:43', NULL),
	(28, 6, '2025-09-10', '', NULL, '2025-09-10 19:58:29', '2025-09-10 20:55:42'),
	(30, 17, '2025-09-11', '', NULL, '2025-09-11 18:00:30', NULL),
	(33, 6, '2025-09-15', '', NULL, '2025-09-15 18:48:11', NULL),
	(34, 6, '2025-09-17', '', NULL, '2025-09-17 19:59:30', '2025-09-17 20:57:17'),
	(35, 17, '2025-09-17', '', NULL, '2025-09-17 21:08:24', NULL),
	(36, 6, '2025-09-22', '', NULL, '2025-09-22 17:42:43', NULL),
	(37, 6, '2025-09-23', '', NULL, '2025-09-23 14:22:02', '2025-09-23 21:01:15'),
	(38, 6, '2025-09-24', '', NULL, '2025-09-24 17:31:24', '2025-09-24 20:33:19'),
	(39, 18, '2025-09-24', '', NULL, '2025-09-24 19:18:23', NULL),
	(40, 19, '2025-09-24', '', NULL, '2025-09-25 17:10:00', '2025-09-25 18:40:00'),
	(43, 6, '2025-09-25', '템플릿 할당: ', NULL, '2025-09-25 11:19:10', NULL),
	(45, 18, '2025-09-25', '템플릿 할당: ', NULL, '2025-09-26 19:30:37', NULL),
	(47, 19, '2025-09-25', '', NULL, '2025-09-25 17:43:15', '2025-09-25 18:02:22'),
	(48, 19, '2025-09-26', '', NULL, '2025-09-26 19:26:33', NULL),
	(49, 18, '2025-09-26', '', NULL, '2025-09-26 19:38:05', NULL),
	(50, 6, '2025-09-26', '', NULL, '2025-09-26 19:50:46', NULL),
	(51, 19, '2025-09-27', '', NULL, '2025-09-27 15:08:55', '2025-09-27 15:12:16'),
	(53, 6, '2025-09-29', '', NULL, '2025-09-29 09:49:12', NULL),
	(54, 19, '2025-09-29', '', NULL, '2025-09-29 19:22:55', NULL),
	(55, 18, '2025-09-29', '', NULL, '2025-09-30 16:10:10', NULL),
	(56, 18, '2025-09-29', '', NULL, NULL, NULL),
	(57, 6, '2025-09-30', '', NULL, '2025-09-30 17:25:34', NULL),
	(58, 18, '2025-09-30', '', NULL, NULL, NULL),
	(59, 19, '2025-10-01', '', NULL, '2025-10-01 17:38:28', NULL),
	(60, 6, '2025-10-01', '', NULL, '2025-10-01 20:07:52', NULL),
	(61, 6, '2025-10-02', '', NULL, '2025-10-02 11:29:00', '2025-10-02 17:40:00'),
	(62, 19, '2025-10-02', '', NULL, '2025-10-02 17:26:50', NULL),
	(65, 19, '2025-10-02', '', NULL, '2025-10-02 18:00:00', NULL),
	(68, 18, '2025-10-02', '', NULL, NULL, NULL),
	(69, 19, '2025-10-03', '', NULL, '2025-10-03 16:37:55', NULL),
	(70, 18, '2025-10-09', '', NULL, NULL, NULL),
	(71, 19, '2025-10-10', '', NULL, '2025-10-10 17:29:05', NULL),
	(72, 6, '2025-10-10', '', NULL, '2025-10-10 21:29:49', NULL),
	(73, 18, '2025-10-10', '', NULL, NULL, NULL),
	(74, 18, '2025-10-13', '', NULL, NULL, NULL),
	(75, 19, '2025-10-13', '', NULL, '2025-10-13 20:05:37', NULL),
	(76, 6, '2025-10-13', '', NULL, '2025-10-13 21:05:25', NULL),
	(77, 18, '2025-10-14', '', NULL, NULL, NULL),
	(78, 19, '2025-10-14', '', NULL, NULL, NULL),
	(79, 19, '2025-10-15', '', NULL, '2025-10-15 17:20:40', NULL),
	(80, 18, '2025-10-15', '', NULL, NULL, NULL),
	(81, 18, '2025-10-16', '', NULL, '2025-10-18 08:25:28', NULL),
	(82, 19, '2025-10-17', '', NULL, '2025-10-17 17:36:00', NULL),
	(83, 18, '2025-10-17', '', NULL, '2025-10-17 18:24:07', NULL),
	(84, 18, '2025-10-20', '', NULL, NULL, NULL),
	(85, 6, '2025-10-20', '', NULL, '2025-10-20 20:19:03', NULL),
	(86, 18, '2025-10-21', '', NULL, NULL, NULL),
	(87, 6, '2025-10-21', '', NULL, '2025-10-21 21:02:29', '2025-10-22 01:10:00'),
	(88, 6, '2025-10-22', '', NULL, '2025-10-22 15:46:40', NULL),
	(89, 18, '2025-10-22', '', NULL, NULL, NULL),
	(90, 18, '2025-10-23', '', NULL, NULL, NULL),
	(91, 18, '2025-10-27', '', NULL, NULL, NULL),
	(92, 6, '2025-10-27', '', NULL, '2025-10-28 19:00:00', '2025-10-28 20:00:00'),
	(93, 6, '2025-10-28', '', NULL, '2025-10-28 19:51:43', '2025-10-28 20:45:00'),
	(94, 18, '2025-10-29', '', NULL, NULL, NULL),
	(95, 18, '2025-10-30', '', NULL, NULL, NULL),
	(96, 18, '2025-10-31', '', NULL, NULL, NULL),
	(97, 6, '2025-11-03', '', NULL, '2025-11-03 19:39:15', '2025-11-03 20:40:00'),
	(98, 18, '2025-11-03', '', NULL, NULL, NULL);

-- 테이블 hellchang.m_workout_set 구조 내보내기
CREATE TABLE IF NOT EXISTS `m_workout_set` (
  `set_id` bigint(20) NOT NULL AUTO_INCREMENT,
  `wx_id` bigint(20) NOT NULL,
  `set_no` int(11) NOT NULL,
  `weight` decimal(6,2) DEFAULT NULL,
  `reps` int(11) DEFAULT NULL,
  `rir` tinyint(4) DEFAULT NULL COMMENT '남긴 반복(RIR) 옵션',
  `completed_at` timestamp NULL DEFAULT NULL COMMENT '세트 완료 시간',
  `rest_time` int(11) DEFAULT NULL COMMENT '휴식 시간(초)',
  `total_time` int(11) DEFAULT NULL COMMENT '총 운동 시간(초)',
  PRIMARY KEY (`set_id`),
  KEY `idx_ws_wx` (`wx_id`),
  CONSTRAINT `fk_ws_wx` FOREIGN KEY (`wx_id`) REFERENCES `m_workout_exercise` (`wx_id`) ON DELETE CASCADE ON UPDATE CASCADE
) ENGINE=InnoDB AUTO_INCREMENT=1113 DEFAULT CHARSET=utf8mb4 COLLATE=utf8mb4_general_ci COMMENT='세트 기록';

-- 테이블 데이터 hellchang.m_workout_set:~903 rows (대략적) 내보내기
INSERT IGNORE INTO `m_workout_set` (`set_id`, `wx_id`, `set_no`, `weight`, `reps`, `rir`, `completed_at`, `rest_time`, `total_time`) VALUES
	(43, 51, 1, 30.00, 15, NULL, '2025-09-08 10:09:37', 77, 378),
	(44, 51, 2, 30.00, 15, NULL, '2025-09-08 10:09:37', 109, 378),
	(45, 51, 3, 30.00, 15, NULL, '2025-09-08 10:09:37', 95, 378),
	(46, 51, 4, 30.00, 15, NULL, '2025-09-08 10:09:37', 97, 378),
	(52, 49, 1, 20.00, 12, NULL, '2025-09-08 10:22:09', 7, 7),
	(53, 49, 2, 20.00, 12, NULL, '2025-09-08 10:22:09', 0, 7),
	(54, 49, 3, 20.00, 12, NULL, '2025-09-08 10:22:09', 0, 7),
	(55, 49, 4, 20.00, 12, NULL, '2025-09-08 10:22:09', 0, 7),
	(56, 49, 5, 20.00, 12, NULL, '2025-09-08 10:22:09', 0, 7),
	(57, 52, 1, 20.00, 12, NULL, '2025-09-08 10:33:32', 111, 488),
	(58, 52, 2, 20.00, 12, NULL, '2025-09-08 10:33:32', 73, 488),
	(59, 52, 3, 20.00, 12, NULL, '2025-09-08 10:33:32', 110, 488),
	(60, 52, 4, 20.00, 12, NULL, '2025-09-08 10:33:32', 85, 488),
	(61, 52, 5, 20.00, 12, NULL, '2025-09-08 10:33:32', 109, 488),
	(62, 50, 1, 60.00, 10, NULL, '2025-09-08 10:40:09', 61, 269),
	(63, 50, 2, 60.00, 10, NULL, '2025-09-08 10:40:09', 107, 269),
	(64, 50, 3, 60.00, 10, NULL, '2025-09-08 10:40:09', 101, 269),
	(65, 53, 1, 20.00, 15, NULL, '2025-09-08 10:48:27', 132, 471),
	(66, 53, 2, 20.00, 15, NULL, '2025-09-08 10:48:27', 109, 471),
	(67, 53, 3, 20.00, 15, NULL, '2025-09-08 10:48:27', 105, 471),
	(68, 53, 4, 20.00, 15, NULL, '2025-09-08 10:48:27', 125, 471),
	(69, 54, 1, 20.00, 15, NULL, '2025-09-08 10:55:15', 163, 334),
	(70, 54, 2, 20.00, 15, NULL, '2025-09-08 10:55:15', 94, 334),
	(71, 54, 3, 20.00, 15, NULL, '2025-09-08 10:55:15', 77, 334),
	(80, 95, 1, 20.00, 15, NULL, '2025-09-09 11:27:07', 77, 481),
	(81, 95, 2, 20.00, 15, NULL, '2025-09-09 11:27:07', 83, 481),
	(82, 95, 3, 20.00, 15, NULL, '2025-09-09 11:27:07', 87, 481),
	(83, 95, 4, 20.00, 15, NULL, '2025-09-09 11:27:07', 119, 481),
	(84, 95, 5, 20.00, 15, NULL, '2025-09-09 11:27:07', 115, 481),
	(85, 97, 1, 30.00, 15, NULL, '2025-09-09 11:35:51', 78, 414),
	(86, 97, 2, 30.00, 15, NULL, '2025-09-09 11:35:51', 107, 414),
	(87, 97, 3, 30.00, 15, NULL, '2025-09-09 11:35:51', 105, 414),
	(88, 97, 4, 30.00, 15, NULL, '2025-09-09 11:35:51', 124, 414),
	(89, 96, 1, 60.00, 12, NULL, '2025-09-09 11:47:15', 61, 500),
	(90, 96, 2, 60.00, 12, NULL, '2025-09-09 11:47:15', 115, 500),
	(91, 96, 3, 60.00, 12, NULL, '2025-09-09 11:47:15', 109, 500),
	(92, 96, 4, 60.00, 12, NULL, '2025-09-09 11:47:15', 109, 500),
	(93, 96, 5, 60.00, 12, NULL, '2025-09-09 11:47:15', 106, 500),
	(94, 98, 1, 20.00, 15, NULL, '2025-09-09 11:54:18', 93, 400),
	(95, 98, 2, 20.00, 15, NULL, '2025-09-09 11:54:18', 123, 400),
	(96, 98, 3, 20.00, 15, NULL, '2025-09-09 11:54:18', 94, 400),
	(97, 98, 4, 20.00, 15, NULL, '2025-09-09 11:54:18', 90, 400),
	(98, 99, 1, 35.00, 20, NULL, '2025-09-09 12:03:48', 0, 372),
	(99, 99, 2, 35.00, 20, NULL, '2025-09-09 12:03:48', 110, 372),
	(100, 99, 3, 35.00, 20, NULL, '2025-09-09 12:03:48', 144, 372),
	(101, 99, 4, 35.00, 20, NULL, '2025-09-09 12:03:48', 118, 372),
	(102, 100, 1, 20.00, 12, NULL, '2025-09-09 12:11:06', 132, 406),
	(103, 100, 2, 20.00, 12, NULL, '2025-09-09 12:11:06', 68, 406),
	(104, 100, 3, 20.00, 12, NULL, '2025-09-09 12:11:06', 120, 406),
	(105, 100, 4, 20.00, 12, NULL, '2025-09-09 12:11:06', 86, 406),
	(106, 101, 1, 15.00, 15, NULL, '2025-09-09 12:18:40', 0, 197),
	(107, 101, 2, 15.00, 15, NULL, '2025-09-09 12:18:40', 101, 197),
	(108, 101, 3, 15.00, 15, NULL, '2025-09-09 12:18:40', 96, 197),
	(109, 150, 1, 20.00, 20, NULL, '2025-09-10 11:06:08', 78, 446),
	(110, 150, 2, 20.00, 20, NULL, '2025-09-10 11:06:08', 101, 446),
	(111, 150, 3, 20.00, 20, NULL, '2025-09-10 11:06:08', 93, 446),
	(112, 150, 4, 20.00, 20, NULL, '2025-09-10 11:06:08', 87, 446),
	(113, 150, 5, 20.00, 20, NULL, '2025-09-10 11:06:08', 87, 446),
	(114, 151, 1, 20.00, 10, NULL, '2025-09-10 11:15:00', 131, 519),
	(115, 151, 2, 20.00, 10, NULL, '2025-09-10 11:15:00', 108, 519),
	(116, 151, 3, 20.00, 10, NULL, '2025-09-10 11:15:00', 121, 519),
	(117, 151, 4, 20.00, 10, NULL, '2025-09-10 11:15:00', 159, 519),
	(118, 152, 1, 20.00, 10, NULL, '2025-09-10 11:23:09', 146, 475),
	(119, 152, 2, 20.00, 10, NULL, '2025-09-10 11:23:09', 115, 475),
	(120, 152, 3, 20.00, 10, NULL, '2025-09-10 11:23:09', 108, 475),
	(121, 152, 4, 20.00, 10, NULL, '2025-09-10 11:23:09', 106, 475),
	(122, 153, 1, 0.00, 10, NULL, '2025-09-10 11:33:22', 109, 567),
	(123, 153, 2, 0.00, 10, NULL, '2025-09-10 11:33:22', 128, 567),
	(124, 153, 3, 0.00, 10, NULL, '2025-09-10 11:33:22', 201, 567),
	(125, 153, 4, 0.00, 10, NULL, '2025-09-10 11:33:22', 129, 567),
	(126, 154, 1, 10.00, 20, NULL, '2025-09-10 11:40:25', 82, 304),
	(127, 154, 2, 10.00, 20, NULL, '2025-09-10 11:40:25', 121, 304),
	(128, 154, 3, 10.00, 20, NULL, '2025-09-10 11:40:25', 101, 304),
	(129, 155, 1, 10.00, 15, NULL, '2025-09-10 11:47:24', 110, 398),
	(130, 155, 2, 10.00, 15, NULL, '2025-09-10 11:47:24', 123, 398),
	(131, 155, 3, 10.00, 15, NULL, '2025-09-10 11:47:24', 165, 398),
	(132, 156, 1, 10.00, 15, NULL, '2025-09-10 11:55:29', 141, 455),
	(133, 156, 2, 10.00, 15, NULL, '2025-09-10 11:55:29', 155, 455),
	(134, 156, 3, 10.00, 15, NULL, '2025-09-10 11:55:29', 159, 455),
	(135, 143, 1, 20.00, 12, NULL, '2025-09-11 10:15:08', 135, 401),
	(136, 143, 2, 20.00, 12, NULL, '2025-09-11 10:15:08', 99, 401),
	(137, 143, 3, 20.00, 12, NULL, '2025-09-11 10:15:08', 86, 401),
	(138, 143, 4, 20.00, 12, NULL, '2025-09-11 10:15:08', 81, 401),
	(139, 144, 1, 20.00, 20, NULL, '2025-09-11 10:22:34', 121, 427),
	(140, 144, 2, 20.00, 20, NULL, '2025-09-11 10:22:34', 128, 427),
	(141, 144, 3, 20.00, 20, NULL, '2025-09-11 10:22:34', 94, 427),
	(142, 144, 4, 20.00, 20, NULL, '2025-09-11 10:22:34', 84, 427),
	(144, 178, 1, 20.00, 15, NULL, '2025-09-11 10:30:20', 13, 13),
	(145, 145, 1, 10.00, 12, NULL, '2025-09-11 10:31:34', 95, 507),
	(146, 145, 2, 10.00, 12, NULL, '2025-09-11 10:31:34', 86, 507),
	(147, 145, 3, 10.00, 12, NULL, '2025-09-11 10:31:34', 86, 507),
	(148, 145, 4, 10.00, 12, NULL, '2025-09-11 10:31:34', 240, 507),
	(149, 146, 1, 10.00, 15, NULL, '2025-09-11 10:40:11', 77, 481),
	(150, 146, 2, 10.00, 15, NULL, '2025-09-11 10:40:11', 106, 481),
	(151, 146, 3, 10.00, 15, NULL, '2025-09-11 10:40:11', 104, 481),
	(152, 146, 4, 10.00, 15, NULL, '2025-09-11 10:40:11', 97, 481),
	(153, 146, 5, 10.00, 15, NULL, '2025-09-11 10:40:11', 97, 481),
	(154, 147, 1, 10.00, 15, NULL, '2025-09-11 10:48:09', 141, 438),
	(155, 147, 2, 10.00, 15, NULL, '2025-09-11 10:48:09', 105, 438),
	(156, 147, 3, 10.00, 15, NULL, '2025-09-11 10:48:09', 106, 438),
	(157, 147, 4, 10.00, 15, NULL, '2025-09-11 10:48:09', 86, 438),
	(158, 148, 1, 10.00, 15, NULL, '2025-09-11 10:57:02', 75, 493),
	(159, 148, 2, 10.00, 15, NULL, '2025-09-11 10:57:02', 115, 493),
	(160, 148, 3, 10.00, 15, NULL, '2025-09-11 10:57:02', 86, 493),
	(161, 148, 4, 10.00, 15, NULL, '2025-09-11 10:57:02', 117, 493),
	(162, 148, 5, 10.00, 15, NULL, '2025-09-11 10:57:02', 100, 493),
	(163, 149, 1, 10.00, 12, NULL, '2025-09-11 11:03:00', 67, 281),
	(164, 149, 2, 10.00, 12, NULL, '2025-09-11 11:03:00', 117, 281),
	(165, 149, 3, 10.00, 12, NULL, '2025-09-11 11:03:00', 97, 281),
	(166, 206, 1, 20.00, 15, NULL, '2025-09-12 11:09:45', 105, 467),
	(167, 206, 2, 20.00, 15, NULL, '2025-09-12 11:09:45', 124, 467),
	(168, 206, 3, 20.00, 15, NULL, '2025-09-12 11:09:45', 126, 467),
	(169, 206, 4, 20.00, 15, NULL, '2025-09-12 11:09:45', 112, 467),
	(170, 207, 1, 20.00, 15, NULL, '2025-09-12 11:31:24', 122, 1144),
	(171, 207, 2, 20.00, 15, NULL, '2025-09-12 11:31:24', 91, 1144),
	(172, 207, 3, 20.00, 15, NULL, '2025-09-12 11:31:24', 686, 1144),
	(173, 207, 4, 20.00, 15, NULL, '2025-09-12 11:31:24', 130, 1144),
	(174, 207, 5, 20.00, 15, NULL, '2025-09-12 11:31:24', 115, 1144),
	(175, 208, 1, 20.00, 15, NULL, '2025-09-12 11:39:25', 130, 470),
	(176, 208, 2, 20.00, 15, NULL, '2025-09-12 11:39:25', 93, 470),
	(177, 208, 3, 20.00, 15, NULL, '2025-09-12 11:39:25', 176, 470),
	(178, 208, 4, 20.00, 15, NULL, '2025-09-12 11:39:25', 71, 470),
	(183, 209, 1, 20.00, 12, NULL, '2025-09-12 11:47:00', 21, 21),
	(184, 209, 2, 20.00, 12, NULL, '2025-09-12 11:47:00', 0, 21),
	(185, 209, 3, 20.00, 12, NULL, '2025-09-12 11:47:00', 0, 21),
	(186, 209, 4, 20.00, 12, NULL, '2025-09-12 11:47:00', 0, 21),
	(187, 210, 1, 35.00, 12, NULL, '2025-09-12 11:54:16', 120, 422),
	(188, 210, 2, 35.00, 12, NULL, '2025-09-12 11:54:16', 98, 422),
	(189, 210, 3, 35.00, 12, NULL, '2025-09-12 11:54:16', 106, 422),
	(190, 210, 4, 35.00, 12, NULL, '2025-09-12 11:54:16', 98, 422),
	(191, 211, 1, 30.00, 12, NULL, '2025-09-12 12:01:10', 102, 384),
	(192, 211, 2, 30.00, 12, NULL, '2025-09-12 12:01:10', 89, 384),
	(193, 211, 3, 30.00, 12, NULL, '2025-09-12 12:01:10', 100, 384),
	(194, 211, 4, 30.00, 12, NULL, '2025-09-12 12:01:10', 93, 384),
	(215, 297, 1, 30.00, 15, NULL, '2025-09-15 09:56:38', 99, 425),
	(216, 297, 2, 30.00, 15, NULL, '2025-09-15 09:56:38', 107, 425),
	(217, 297, 3, 30.00, 15, NULL, '2025-09-15 09:56:38', 123, 425),
	(218, 297, 4, 30.00, 15, NULL, '2025-09-15 09:56:38', 96, 425),
	(220, 298, 1, 30.00, 12, NULL, '2025-09-15 10:11:24', 2, 645),
	(221, 298, 2, 30.00, 12, NULL, '2025-09-15 10:11:24', 45, 645),
	(222, 298, 3, 30.00, 12, NULL, '2025-09-15 10:11:24', 306, 645),
	(223, 298, 4, 30.00, 12, NULL, '2025-09-15 10:11:24', 192, 645),
	(224, 298, 5, 30.00, 12, NULL, '2025-09-15 10:11:24', 100, 645),
	(225, 299, 1, 40.00, 12, NULL, '2025-09-15 10:20:51', 150, 522),
	(226, 299, 2, 40.00, 12, NULL, '2025-09-15 10:20:51', 96, 522),
	(227, 299, 3, 40.00, 12, NULL, '2025-09-15 10:20:51', 117, 522),
	(228, 299, 4, 40.00, 12, NULL, '2025-09-15 10:20:51', 85, 522),
	(229, 299, 5, 40.00, 12, NULL, '2025-09-15 10:20:51', 74, 522),
	(230, 300, 1, 20.00, 15, NULL, '2025-09-15 10:27:55', 99, 347),
	(231, 300, 2, 20.00, 15, NULL, '2025-09-15 10:27:55', 88, 347),
	(232, 300, 3, 20.00, 15, NULL, '2025-09-15 10:27:55', 79, 347),
	(233, 300, 4, 20.00, 15, NULL, '2025-09-15 10:27:55', 81, 347),
	(234, 301, 1, 60.00, 10, NULL, '2025-09-15 10:33:16', 87, 310),
	(235, 301, 2, 60.00, 10, NULL, '2025-09-15 10:33:16', 108, 310),
	(236, 301, 3, 60.00, 10, NULL, '2025-09-15 10:33:16', 115, 310),
	(237, 302, 1, 12.00, 12, NULL, '2025-09-15 10:38:27', 72, 204),
	(238, 302, 2, 12.00, 12, NULL, '2025-09-15 10:38:27', 62, 204),
	(239, 302, 3, 12.00, 12, NULL, '2025-09-15 10:38:27', 70, 204),
	(240, 303, 1, 20.00, 15, NULL, '2025-09-15 10:42:58', 115, 263),
	(241, 303, 2, 20.00, 15, NULL, '2025-09-15 10:42:58', 58, 263),
	(242, 303, 3, 20.00, 15, NULL, '2025-09-15 10:42:58', 90, 263),
	(243, 311, 1, 20.00, 15, NULL, '2025-09-17 11:08:01', 74, 457),
	(244, 311, 2, 20.00, 15, NULL, '2025-09-17 11:08:01', 89, 457),
	(245, 311, 3, 20.00, 15, NULL, '2025-09-17 11:08:01', 89, 457),
	(246, 311, 4, 20.00, 15, NULL, '2025-09-17 11:08:01', 113, 457),
	(247, 311, 5, 20.00, 15, NULL, '2025-09-17 11:08:01', 92, 457),
	(248, 312, 1, 60.00, 10, NULL, '2025-09-17 11:17:14', 84, 505),
	(249, 312, 2, 60.00, 10, NULL, '2025-09-17 11:17:14', 118, 505),
	(250, 312, 3, 60.00, 10, NULL, '2025-09-17 11:17:14', 70, 505),
	(251, 312, 4, 60.00, 10, NULL, '2025-09-17 11:17:14', 97, 505),
	(252, 312, 5, 60.00, 10, NULL, '2025-09-17 11:17:14', 136, 505),
	(253, 313, 1, 30.00, 15, NULL, '2025-09-17 11:25:10', 118, 456),
	(254, 313, 2, 30.00, 15, NULL, '2025-09-17 11:25:10', 131, 456),
	(255, 313, 3, 30.00, 15, NULL, '2025-09-17 11:25:10', 110, 456),
	(256, 313, 4, 30.00, 15, NULL, '2025-09-17 11:25:10', 97, 456),
	(257, 314, 1, 30.00, 15, NULL, '2025-09-17 11:33:57', 152, 478),
	(258, 314, 2, 30.00, 15, NULL, '2025-09-17 11:33:57', 100, 478),
	(259, 314, 3, 30.00, 15, NULL, '2025-09-17 11:33:57', 109, 478),
	(260, 314, 4, 30.00, 15, NULL, '2025-09-17 11:33:57', 117, 478),
	(261, 315, 1, 35.00, 20, NULL, '2025-09-17 11:42:36', 158, 506),
	(262, 315, 2, 35.00, 20, NULL, '2025-09-17 11:42:36', 126, 506),
	(263, 315, 3, 35.00, 20, NULL, '2025-09-17 11:42:36', 105, 506),
	(264, 315, 4, 35.00, 20, NULL, '2025-09-17 11:42:36', 117, 506),
	(265, 316, 1, 15.00, 12, NULL, '2025-09-17 11:51:57', 90, 444),
	(266, 316, 2, 15.00, 12, NULL, '2025-09-17 11:51:57', 87, 444),
	(267, 316, 3, 15.00, 12, NULL, '2025-09-17 11:51:57', 104, 444),
	(268, 316, 4, 15.00, 12, NULL, '2025-09-17 11:51:57', 163, 444),
	(269, 317, 1, 5.00, 15, NULL, '2025-09-17 11:56:58', 64, 295),
	(270, 317, 2, 5.00, 15, NULL, '2025-09-17 11:56:58', 111, 295),
	(271, 317, 3, 5.00, 15, NULL, '2025-09-17 11:56:58', 120, 295),
	(290, 326, 1, 30.00, 15, NULL, '2025-09-22 11:13:49', 106, 513),
	(291, 326, 2, 30.00, 15, NULL, '2025-09-22 11:13:49', 97, 513),
	(292, 326, 3, 0.00, 0, NULL, '2025-09-22 11:13:49', 111, 513),
	(293, 326, 4, 0.00, 0, NULL, '2025-09-22 11:13:49', 96, 513),
	(294, 326, 5, 0.00, 0, NULL, '2025-09-22 11:13:49', 103, 513),
	(295, 327, 1, 30.00, 15, NULL, '2025-09-22 11:25:00', 109, 622),
	(296, 327, 2, 0.00, 0, NULL, '2025-09-22 11:25:00', 118, 622),
	(297, 327, 3, 0.00, 0, NULL, '2025-09-22 11:25:00', 155, 622),
	(298, 327, 4, 0.00, 0, NULL, '2025-09-22 11:25:00', 124, 622),
	(299, 327, 5, 0.00, 0, NULL, '2025-09-22 11:25:00', 116, 622),
	(300, 328, 1, 20.00, 12, NULL, '2025-09-22 11:36:59', 261, 644),
	(301, 328, 2, 20.00, 12, NULL, '2025-09-22 11:36:59', 81, 644),
	(302, 328, 3, 0.00, 0, NULL, '2025-09-22 11:36:59', 86, 644),
	(303, 328, 4, 0.00, 0, NULL, '2025-09-22 11:36:59', 111, 644),
	(304, 328, 5, 0.00, 0, NULL, '2025-09-22 11:36:59', 105, 644),
	(305, 329, 1, 0.00, 0, NULL, '2025-09-22 11:45:16', 179, 486),
	(306, 329, 2, 0.00, 0, NULL, '2025-09-22 11:45:16', 100, 486),
	(307, 329, 3, 0.00, 0, NULL, '2025-09-22 11:45:16', 119, 486),
	(308, 329, 4, 0.00, 0, NULL, '2025-09-22 11:45:16', 88, 486),
	(312, 330, 1, 6.00, 4, NULL, '2025-09-22 11:55:30', 2, 74),
	(313, 330, 2, 0.00, 0, NULL, '2025-09-22 11:55:30', 9, 74),
	(314, 330, 3, 0.00, 0, NULL, '2025-09-22 11:55:30', 11, 74),
	(315, 330, 4, 0.00, 0, NULL, '2025-09-22 11:55:30', 52, 74),
	(342, 340, 1, 60.00, 10, NULL, '2025-09-23 11:14:06', 1, 519),
	(343, 340, 2, 60.00, 10, NULL, '2025-09-23 11:14:06', 120, 519),
	(344, 340, 3, 60.00, 10, NULL, '2025-09-23 11:14:06', 138, 519),
	(345, 340, 4, 60.00, 10, NULL, '2025-09-23 11:14:06', 122, 519),
	(346, 340, 5, 60.00, 10, NULL, '2025-09-23 11:14:06', 138, 519),
	(347, 339, 1, 20.00, 15, NULL, '2025-09-23 11:23:33', 108, 556),
	(348, 339, 2, 20.00, 15, NULL, '2025-09-23 11:23:33', 102, 556),
	(349, 339, 3, 20.00, 15, NULL, '2025-09-23 11:23:33', 118, 556),
	(350, 339, 4, 20.00, 15, NULL, '2025-09-23 11:23:33', 118, 556),
	(351, 339, 5, 20.00, 15, NULL, '2025-09-23 11:23:33', 110, 556),
	(352, 341, 1, 30.00, 15, NULL, '2025-09-23 11:31:35', 129, 459),
	(353, 341, 2, 30.00, 15, NULL, '2025-09-23 11:31:35', 109, 459),
	(354, 341, 3, 30.00, 15, NULL, '2025-09-23 11:31:35', 109, 459),
	(355, 341, 4, 30.00, 15, NULL, '2025-09-23 11:31:35', 112, 459),
	(356, 342, 1, 20.00, 15, NULL, '2025-09-23 11:38:46', 125, 373),
	(357, 342, 2, 20.00, 15, NULL, '2025-09-23 11:38:46', 80, 373),
	(358, 342, 3, 20.00, 15, NULL, '2025-09-23 11:38:46', 86, 373),
	(359, 342, 4, 20.00, 15, NULL, '2025-09-23 11:38:46', 82, 373),
	(360, 343, 1, 35.00, 20, NULL, '2025-09-23 11:46:09', 128, 434),
	(361, 343, 2, 35.00, 20, NULL, '2025-09-23 11:46:09', 92, 434),
	(362, 343, 3, 35.00, 20, NULL, '2025-09-23 11:46:09', 92, 434),
	(363, 343, 4, 35.00, 20, NULL, '2025-09-23 11:46:09', 122, 434),
	(364, 344, 1, 10.00, 20, NULL, '2025-09-23 11:56:22', 3, 245),
	(365, 344, 2, 10.00, 20, NULL, '2025-09-23 11:56:22', 1, 245),
	(366, 344, 3, 10.00, 20, NULL, '2025-09-23 11:56:22', 133, 245),
	(367, 344, 4, 10.00, 20, NULL, '2025-09-23 11:56:22', 108, 245),
	(368, 345, 1, 5.00, 15, NULL, '2025-09-23 12:01:09', 80, 183),
	(369, 345, 2, 5.00, 15, NULL, '2025-09-23 12:01:09', 103, 183),
	(387, 367, 1, 10.00, 5, NULL, '2025-09-24 10:19:07', 4, 111),
	(388, 367, 2, 0.00, 0, NULL, '2025-09-24 10:19:07', 1, 111),
	(389, 367, 3, 0.00, 0, NULL, '2025-09-24 10:19:07', 106, 111),
	(390, 379, 1, 50.00, 15, NULL, '2025-09-24 10:23:20', 1, 1),
	(391, 379, 2, 50.00, 15, NULL, '2025-09-24 10:23:20', 0, 1),
	(392, 379, 3, 50.00, 15, NULL, '2025-09-24 10:23:20', 0, 1),
	(393, 379, 4, 50.00, 15, NULL, '2025-09-24 10:23:20', 0, 1),
	(394, 379, 5, 50.00, 15, NULL, '2025-09-24 10:23:20', 0, 1),
	(395, 385, 1, 50.00, 15, NULL, '2025-09-24 10:25:14', 4, 4),
	(396, 385, 2, 50.00, 15, NULL, '2025-09-24 10:25:14', 0, 4),
	(397, 385, 3, 50.00, 15, NULL, '2025-09-24 10:25:14', 0, 4),
	(398, 385, 4, 50.00, 15, NULL, '2025-09-24 10:25:14', 0, 4),
	(399, 385, 5, 50.00, 15, NULL, '2025-09-24 10:25:14', 0, 4),
	(400, 386, 1, 20.00, 30, NULL, '2025-09-24 10:25:42', 7, 7),
	(401, 386, 2, 20.00, 30, NULL, '2025-09-24 10:25:42', 0, 7),
	(402, 386, 3, 20.00, 30, NULL, '2025-09-24 10:25:42', 0, 7),
	(403, 386, 4, 20.00, 30, NULL, '2025-09-24 10:25:42', 0, 7),
	(404, 386, 5, 20.00, 30, NULL, '2025-09-24 10:25:42', 0, 7),
	(405, 387, 1, 20.00, 20, NULL, '2025-09-24 10:25:50', 1, 1),
	(406, 387, 2, 20.00, 20, NULL, '2025-09-24 10:25:50', 0, 1),
	(407, 387, 3, 20.00, 20, NULL, '2025-09-24 10:25:50', 0, 1),
	(408, 387, 4, 20.00, 20, NULL, '2025-09-24 10:25:50', 0, 1),
	(409, 387, 5, 20.00, 20, NULL, '2025-09-24 10:25:50', 0, 1),
	(410, 388, 1, 20.00, 15, NULL, '2025-09-24 10:25:57', 1, 1),
	(411, 388, 2, 20.00, 15, NULL, '2025-09-24 10:25:57', 0, 1),
	(412, 388, 3, 20.00, 15, NULL, '2025-09-24 10:25:57', 0, 1),
	(413, 388, 4, 20.00, 15, NULL, '2025-09-24 10:25:57', 0, 1),
	(414, 388, 5, 20.00, 15, NULL, '2025-09-24 10:25:57', 0, 1),
	(415, 389, 1, 2.00, 20, NULL, '2025-09-24 10:26:05', 1, 1),
	(416, 389, 2, 2.00, 20, NULL, '2025-09-24 10:26:05', 0, 1),
	(417, 389, 3, 2.00, 20, NULL, '2025-09-24 10:26:05', 0, 1),
	(418, 389, 4, 2.00, 20, NULL, '2025-09-24 10:26:05', 0, 1),
	(419, 389, 5, 2.00, 20, NULL, '2025-09-24 10:26:05', 0, 1),
	(420, 390, 1, 20.00, 15, NULL, '2025-09-24 10:26:16', 1, 1),
	(421, 390, 2, 20.00, 15, NULL, '2025-09-24 10:26:16', 0, 1),
	(422, 390, 3, 20.00, 15, NULL, '2025-09-24 10:26:16', 0, 1),
	(423, 390, 4, 20.00, 15, NULL, '2025-09-24 10:26:16', 0, 1),
	(424, 390, 5, 20.00, 15, NULL, '2025-09-24 10:26:16', 0, 1),
	(425, 390, 6, 20.00, 15, NULL, '2025-09-24 10:26:16', 0, 1),
	(426, 368, 1, 5.00, 20, NULL, '2025-09-24 10:43:01', 91, 502),
	(427, 368, 2, 5.00, 20, NULL, '2025-09-24 10:43:01', 124, 502),
	(428, 368, 3, 5.00, 20, NULL, '2025-09-24 10:43:01', 89, 502),
	(429, 368, 4, 5.00, 20, NULL, '2025-09-24 10:43:01', 98, 502),
	(430, 368, 5, 5.00, 20, NULL, '2025-09-24 10:43:01', 100, 502),
	(433, 369, 1, 15.00, 12, NULL, '2025-09-24 11:01:02', 117, 593),
	(434, 369, 2, 15.00, 12, NULL, '2025-09-24 11:01:02', 361, 593),
	(435, 369, 3, 15.00, 12, NULL, '2025-09-24 11:01:02', 38, 593),
	(436, 369, 4, 15.00, 12, NULL, '2025-09-24 11:01:02', 77, 593),
	(437, 370, 1, 5.00, 15, NULL, '2025-09-24 11:10:05', 143, 534),
	(438, 370, 2, 5.00, 15, NULL, '2025-09-24 11:10:05', 80, 534),
	(439, 370, 3, 5.00, 15, NULL, '2025-09-24 11:10:05', 146, 534),
	(440, 370, 4, 5.00, 15, NULL, '2025-09-24 11:10:05', 80, 534),
	(441, 370, 5, 5.00, 15, NULL, '2025-09-24 11:10:05', 85, 534),
	(442, 371, 1, 20.00, 15, NULL, '2025-09-24 11:19:18', 75, 465),
	(443, 371, 2, 20.00, 15, NULL, '2025-09-24 11:19:18', 119, 465),
	(444, 371, 3, 20.00, 15, NULL, '2025-09-24 11:19:18', 182, 465),
	(445, 371, 4, 20.00, 15, NULL, '2025-09-24 11:19:18', 89, 465),
	(446, 372, 1, 5.00, 15, NULL, '2025-09-24 11:28:15', 94, 520),
	(447, 372, 2, 5.00, 15, NULL, '2025-09-24 11:28:15', 138, 520),
	(448, 372, 3, 5.00, 15, NULL, '2025-09-24 11:28:15', 91, 520),
	(449, 372, 4, 5.00, 15, NULL, '2025-09-24 11:28:15', 95, 520),
	(450, 372, 5, 5.00, 15, NULL, '2025-09-24 11:28:15', 102, 520),
	(451, 373, 1, 10.00, 12, NULL, '2025-09-24 11:33:10', 66, 237),
	(452, 373, 2, 10.00, 12, NULL, '2025-09-24 11:33:10', 86, 237),
	(453, 373, 3, 10.00, 12, NULL, '2025-09-24 11:33:10', 85, 237),
	(470, 424, 1, 5.00, 15, NULL, '2025-09-25 08:53:07', 79, 440),
	(471, 424, 2, 5.00, 15, NULL, '2025-09-25 08:53:07', 130, 440),
	(472, 424, 3, 5.00, 15, NULL, '2025-09-25 08:53:07', 124, 440),
	(473, 424, 4, 5.00, 13, NULL, '2025-09-25 08:53:07', 107, 440),
	(474, 425, 1, 7.00, 20, NULL, '2025-09-25 09:01:04', 199, 466),
	(475, 425, 2, 7.00, 1, NULL, '2025-09-25 09:01:04', 143, 466),
	(476, 425, 3, 7.00, 1, NULL, '2025-09-25 09:01:04', 124, 466),
	(482, 423, 1, 17.00, 10, NULL, '2025-09-25 09:01:35', 1, 1),
	(483, 423, 2, 17.00, 10, NULL, '2025-09-25 09:01:35', 0, 1),
	(484, 423, 3, 17.00, 10, NULL, '2025-09-25 09:01:35', 0, 1),
	(485, 423, 4, 17.00, 10, NULL, '2025-09-25 09:01:35', 0, 1),
	(486, 423, 5, 17.00, 10, NULL, '2025-09-25 09:01:35', 0, 1),
	(487, 422, 1, 1.00, 30, NULL, '2025-09-25 09:01:41', 0, 0),
	(488, 422, 2, 1.00, 30, NULL, '2025-09-25 09:01:41', 0, 0),
	(489, 422, 3, 1.00, 30, NULL, '2025-09-25 09:01:41', 0, 0),
	(490, 422, 4, 1.00, 30, NULL, '2025-09-25 09:01:41', 0, 0),
	(491, 422, 5, 1.00, 30, NULL, '2025-09-25 09:01:41', 0, 0),
	(492, 408, 1, 0.00, 0, NULL, '2025-09-26 10:31:07', 4, 6),
	(493, 408, 2, 0.00, 0, NULL, '2025-09-26 10:31:07', 2, 6),
	(494, 408, 3, 0.00, 0, NULL, '2025-09-26 10:31:07', 0, 6),
	(495, 408, 4, 0.00, 0, NULL, '2025-09-26 10:31:07', 0, 6),
	(496, 409, 1, 0.00, 0, NULL, '2025-09-26 10:31:17', 1, 1),
	(497, 409, 2, 0.00, 0, NULL, '2025-09-26 10:31:17', 0, 1),
	(498, 409, 3, 0.00, 0, NULL, '2025-09-26 10:31:17', 0, 1),
	(499, 409, 4, 0.00, 0, NULL, '2025-09-26 10:31:17', 0, 1),
	(500, 410, 1, 0.00, 0, NULL, '2025-09-26 10:31:39', 2, 3),
	(501, 410, 2, 0.00, 0, NULL, '2025-09-26 10:31:39', 0, 3),
	(502, 410, 3, 0.00, 0, NULL, '2025-09-26 10:31:39', 1, 3),
	(503, 410, 4, 0.00, 0, NULL, '2025-09-26 10:31:39', 0, 3),
	(504, 411, 1, 0.00, 0, NULL, '2025-09-26 10:31:53', 0, 0),
	(505, 411, 2, 0.00, 0, NULL, '2025-09-26 10:31:53', 0, 0),
	(506, 411, 3, 0.00, 0, NULL, '2025-09-26 10:31:53', 0, 0),
	(507, 411, 4, 0.00, 0, NULL, '2025-09-26 10:31:53', 0, 0),
	(512, 413, 1, 0.00, 0, NULL, '2025-09-26 10:32:08', 0, 0),
	(513, 413, 2, 0.00, 0, NULL, '2025-09-26 10:32:08', 0, 0),
	(514, 413, 3, 0.00, 0, NULL, '2025-09-26 10:32:08', 0, 0),
	(515, 413, 4, 0.00, 0, NULL, '2025-09-26 10:32:08', 0, 0),
	(516, 414, 1, 5.00, 10, NULL, '2025-09-26 10:32:54', 0, 13),
	(517, 414, 2, 5.00, 10, NULL, '2025-09-26 10:32:54', 0, 13),
	(518, 414, 3, 5.00, 10, NULL, '2025-09-26 10:32:54', 13, 13),
	(519, 414, 4, 5.00, 10, NULL, '2025-09-26 10:32:54', 0, 13),
	(520, 441, 1, 15.00, 20, NULL, '2025-09-26 10:55:10', 10, 171),
	(521, 441, 2, 15.00, 20, NULL, '2025-09-26 10:55:10', 3, 171),
	(522, 441, 3, 15.00, 20, NULL, '2025-09-26 10:55:10', 122, 171),
	(523, 441, 4, 15.00, 20, NULL, '2025-09-26 10:55:10', 36, 171),
	(524, 445, 1, 25.00, 20, NULL, '2025-09-27 06:09:06', 0, 0),
	(525, 445, 2, 25.00, 20, NULL, '2025-09-27 06:09:06', 0, 0),
	(526, 445, 3, 25.00, 20, NULL, '2025-09-27 06:09:06', 0, 0),
	(527, 445, 4, 25.00, 20, NULL, '2025-09-27 06:09:06', 0, 0),
	(528, 445, 5, 25.00, 20, NULL, '2025-09-27 06:09:06', 0, 0),
	(529, 446, 1, 10.00, 20, NULL, '2025-09-27 06:09:19', 2, 3),
	(530, 446, 2, 10.00, 20, NULL, '2025-09-27 06:09:19', 1, 3),
	(531, 446, 3, 10.00, 20, NULL, '2025-09-27 06:09:19', 0, 3),
	(532, 446, 4, 10.00, 20, NULL, '2025-09-27 06:09:19', 0, 3),
	(533, 446, 5, 10.00, 20, NULL, '2025-09-27 06:09:19', 0, 3),
	(534, 447, 1, 20.00, 20, NULL, '2025-09-27 06:09:27', 2, 2),
	(535, 447, 2, 20.00, 20, NULL, '2025-09-27 06:09:27', 0, 2),
	(536, 447, 3, 20.00, 20, NULL, '2025-09-27 06:09:27', 0, 2),
	(537, 447, 4, 20.00, 20, NULL, '2025-09-27 06:09:27', 0, 2),
	(538, 448, 1, 32.00, 20, NULL, '2025-09-27 06:09:38', 1, 1),
	(539, 448, 2, 32.00, 20, NULL, '2025-09-27 06:09:38', 0, 1),
	(540, 448, 3, 32.00, 20, NULL, '2025-09-27 06:09:38', 0, 1),
	(541, 448, 4, 32.00, 20, NULL, '2025-09-27 06:09:38', 0, 1),
	(542, 448, 5, 32.00, 20, NULL, '2025-09-27 06:09:38', 0, 1),
	(543, 449, 1, 5.00, 20, NULL, '2025-09-27 06:11:58', 1, 2),
	(544, 449, 2, 5.00, 20, NULL, '2025-09-27 06:11:58', 0, 2),
	(545, 449, 3, 5.00, 12, NULL, '2025-09-27 06:11:58', 1, 2),
	(546, 450, 1, 3.00, 2, NULL, '2025-09-27 06:12:11', 1, 1),
	(547, 450, 2, 3.00, 2, NULL, '2025-09-27 06:12:11', 0, 1),
	(554, 452, 1, 20.00, 12, NULL, '2025-09-29 09:41:20', 94, 519),
	(555, 452, 2, 30.00, 12, NULL, '2025-09-29 09:41:20', 100, 519),
	(556, 452, 3, 30.00, 12, NULL, '2025-09-29 09:41:20', 100, 519),
	(557, 452, 4, 30.00, 12, NULL, '2025-09-29 09:41:20', 116, 519),
	(558, 452, 5, 30.00, 12, NULL, '2025-09-29 09:41:20', 109, 519),
	(559, 454, 1, 30.00, 15, NULL, '2025-09-29 09:59:25', 80, 395),
	(560, 454, 2, 30.00, 15, NULL, '2025-09-29 09:59:25', 116, 395),
	(561, 454, 3, 30.00, 15, NULL, '2025-09-29 09:59:25', 103, 395),
	(562, 454, 4, 30.00, 15, NULL, '2025-09-29 09:59:25', 96, 395),
	(563, 455, 1, 20.00, 12, NULL, '2025-09-29 10:09:23', 165, 576),
	(564, 455, 2, 20.00, 12, NULL, '2025-09-29 10:09:23', 107, 576),
	(565, 455, 3, 20.00, 12, NULL, '2025-09-29 10:09:23', 105, 576),
	(566, 455, 4, 20.00, 12, NULL, '2025-09-29 10:09:23', 96, 576),
	(567, 455, 5, 20.00, 12, NULL, '2025-09-29 10:09:23', 103, 576),
	(568, 456, 1, 30.00, 12, NULL, '2025-09-29 10:17:48', 108, 481),
	(569, 456, 2, 30.00, 12, NULL, '2025-09-29 10:17:48', 188, 481),
	(570, 456, 3, 30.00, 12, NULL, '2025-09-29 10:17:48', 83, 481),
	(571, 456, 4, 30.00, 12, NULL, '2025-09-29 10:17:48', 102, 481),
	(572, 458, 1, 16.00, 50, NULL, '2025-09-29 10:23:02', 1, 1),
	(573, 458, 2, 16.00, 50, NULL, '2025-09-29 10:23:02', 0, 1),
	(574, 458, 3, 16.00, 50, NULL, '2025-09-29 10:23:02', 0, 1),
	(575, 459, 1, 0.00, 20, NULL, '2025-09-29 10:23:08', 1, 1),
	(576, 459, 2, 0.00, 20, NULL, '2025-09-29 10:23:08', 0, 1),
	(577, 459, 3, 0.00, 20, NULL, '2025-09-29 10:23:08', 0, 1),
	(578, 459, 4, 0.00, 20, NULL, '2025-09-29 10:23:08', 0, 1),
	(579, 460, 1, 35.00, 20, NULL, '2025-09-29 10:23:15', 1, 1),
	(580, 460, 2, 35.00, 20, NULL, '2025-09-29 10:23:15', 0, 1),
	(581, 460, 3, 35.00, 20, NULL, '2025-09-29 10:23:15', 0, 1),
	(582, 460, 4, 35.00, 20, NULL, '2025-09-29 10:23:15', 0, 1),
	(583, 460, 5, 35.00, 20, NULL, '2025-09-29 10:23:15', 0, 1),
	(584, 461, 1, 35.00, 20, NULL, '2025-09-29 10:23:24', 2, 2),
	(585, 461, 2, 35.00, 20, NULL, '2025-09-29 10:23:24', 0, 2),
	(586, 461, 3, 35.00, 20, NULL, '2025-09-29 10:23:24', 0, 2),
	(587, 461, 4, 35.00, 20, NULL, '2025-09-29 10:23:24', 0, 2),
	(588, 461, 5, 35.00, 20, NULL, '2025-09-29 10:23:24', 0, 2),
	(589, 462, 1, 0.00, 0, NULL, '2025-09-29 10:23:30', 0, 0),
	(590, 462, 2, 0.00, 0, NULL, '2025-09-29 10:23:30', 0, 0),
	(591, 462, 3, 0.00, 0, NULL, '2025-09-29 10:23:30', 0, 0),
	(592, 462, 4, 0.00, 0, NULL, '2025-09-29 10:23:30', 0, 0),
	(593, 453, 1, 60.00, 10, NULL, '2025-09-29 10:23:41', 117, 318),
	(594, 453, 2, 60.00, 10, NULL, '2025-09-29 10:23:41', 106, 318),
	(595, 453, 3, 60.00, 10, NULL, '2025-09-29 10:23:41', 95, 318),
	(596, 472, 1, 0.00, 0, NULL, '2025-09-30 07:13:17', 5, 7),
	(597, 472, 2, 0.00, 0, NULL, '2025-09-30 07:13:17', 0, 7),
	(598, 472, 3, 0.00, 0, NULL, '2025-09-30 07:13:17', 0, 7),
	(599, 472, 4, 0.00, 0, NULL, '2025-09-30 07:13:17', 1, 7),
	(600, 472, 5, 0.00, 0, NULL, '2025-09-30 07:13:17', 1, 7),
	(601, 473, 1, 0.00, 0, NULL, '2025-09-30 07:13:32', 1, 2),
	(602, 473, 2, 0.00, 0, NULL, '2025-09-30 07:13:32', 0, 2),
	(603, 473, 3, 0.00, 0, NULL, '2025-09-30 07:13:32', 0, 2),
	(604, 473, 4, 0.00, 0, NULL, '2025-09-30 07:13:32', 0, 2),
	(605, 473, 5, 0.00, 0, NULL, '2025-09-30 07:13:32', 1, 2),
	(606, 474, 1, 0.00, 0, NULL, '2025-09-30 07:14:13', 1, 5),
	(607, 474, 2, 0.00, 0, NULL, '2025-09-30 07:14:13', 0, 5),
	(608, 474, 3, 0.00, 0, NULL, '2025-09-30 07:14:13', 0, 5),
	(609, 474, 4, 0.00, 0, NULL, '2025-09-30 07:14:13', 0, 5),
	(610, 474, 5, 0.00, 0, NULL, '2025-09-30 07:14:13', 4, 5),
	(611, 476, 1, 0.00, 0, NULL, '2025-09-30 07:14:37', 3, 3),
	(612, 476, 2, 0.00, 0, NULL, '2025-09-30 07:14:37', 0, 3),
	(613, 476, 3, 0.00, 0, NULL, '2025-09-30 07:14:37', 0, 3),
	(614, 475, 1, 0.00, 0, NULL, '2025-09-30 07:14:42', 0, 0),
	(615, 477, 1, 0.00, 0, NULL, '2025-09-30 07:14:55', 1, 1),
	(616, 477, 2, 0.00, 0, NULL, '2025-09-30 07:14:55', 0, 1),
	(617, 477, 3, 0.00, 0, NULL, '2025-09-30 07:14:55', 0, 1),
	(618, 477, 4, 0.00, 0, NULL, '2025-09-30 07:14:55', 0, 1),
	(622, 478, 1, 3.00, 1, NULL, '2025-09-30 07:15:39', 0, 0),
	(623, 478, 2, 3.00, 1, NULL, '2025-09-30 07:15:39', 0, 0),
	(624, 478, 3, 3.00, 1, NULL, '2025-09-30 07:15:39', 0, 0),
	(625, 478, 4, 3.00, 1, NULL, '2025-09-30 07:15:39', 0, 0),
	(626, 481, 1, 20.00, 15, NULL, '2025-09-30 11:22:07', 62, 424),
	(627, 481, 2, 20.00, 15, NULL, '2025-09-30 11:22:07', 93, 424),
	(628, 481, 3, 20.00, 15, NULL, '2025-09-30 11:22:07', 84, 424),
	(629, 481, 4, 20.00, 15, NULL, '2025-09-30 11:22:07', 91, 424),
	(630, 481, 5, 20.00, 15, NULL, '2025-09-30 11:22:07', 94, 424),
	(631, 482, 1, 60.00, 10, NULL, '2025-09-30 11:31:55', 156, 574),
	(632, 482, 2, 60.00, 8, NULL, '2025-09-30 11:31:55', 105, 574),
	(633, 482, 3, 60.00, 8, NULL, '2025-09-30 11:31:55', 110, 574),
	(634, 482, 4, 60.00, 8, NULL, '2025-09-30 11:31:55', 113, 574),
	(635, 482, 5, 60.00, 8, NULL, '2025-09-30 11:31:55', 90, 574),
	(636, 483, 1, 30.00, 15, NULL, '2025-09-30 11:38:59', 121, 406),
	(637, 483, 2, 30.00, 15, NULL, '2025-09-30 11:38:59', 98, 406),
	(638, 483, 3, 30.00, 15, NULL, '2025-09-30 11:38:59', 89, 406),
	(639, 483, 4, 30.00, 15, NULL, '2025-09-30 11:38:59', 98, 406),
	(640, 484, 1, 10.00, 15, NULL, '2025-09-30 11:48:13', 89, 448),
	(641, 484, 2, 10.00, 15, NULL, '2025-09-30 11:48:13', 119, 448),
	(642, 484, 3, 10.00, 15, NULL, '2025-09-30 11:48:13', 127, 448),
	(643, 484, 4, 10.00, 15, NULL, '2025-09-30 11:48:13', 113, 448),
	(644, 485, 1, 35.00, 20, NULL, '2025-09-30 11:56:18', 140, 464),
	(645, 485, 2, 35.00, 20, NULL, '2025-09-30 11:56:18', 92, 464),
	(646, 485, 3, 35.00, 20, NULL, '2025-09-30 11:56:18', 104, 464),
	(647, 485, 4, 35.00, 20, NULL, '2025-09-30 11:56:18', 128, 464),
	(648, 486, 1, 15.00, 12, NULL, '2025-09-30 12:03:48', 36, 361),
	(649, 486, 2, 15.00, 12, NULL, '2025-09-30 12:03:48', 101, 361),
	(650, 486, 3, 15.00, 12, NULL, '2025-09-30 12:03:48', 106, 361),
	(651, 486, 4, 15.00, 12, NULL, '2025-09-30 12:03:48', 118, 361),
	(652, 487, 1, 5.00, 15, NULL, '2025-09-30 12:11:36', 69, 260),
	(653, 487, 2, 5.00, 15, NULL, '2025-09-30 12:11:36', 91, 260),
	(654, 487, 3, 5.00, 15, NULL, '2025-09-30 12:11:36', 100, 260),
	(655, 525, 1, 10.00, 20, NULL, '2025-10-01 08:50:32', 95, 697),
	(656, 525, 2, 10.00, 20, NULL, '2025-10-01 08:50:32', 130, 697),
	(657, 525, 3, 10.00, 20, NULL, '2025-10-01 08:50:32', 171, 697),
	(658, 525, 4, 10.00, 20, NULL, '2025-10-01 08:50:32', 164, 697),
	(659, 525, 5, 10.00, 20, NULL, '2025-10-01 08:50:32', 137, 697),
	(660, 526, 1, 15.00, 15, NULL, '2025-10-01 09:03:06', 91, 643),
	(661, 526, 2, 15.00, 15, NULL, '2025-10-01 09:03:06', 134, 643),
	(662, 526, 3, 15.00, 15, NULL, '2025-10-01 09:03:06', 133, 643),
	(663, 526, 4, 15.00, 15, NULL, '2025-10-01 09:03:06', 140, 643),
	(664, 526, 5, 15.00, 15, NULL, '2025-10-01 09:03:06', 145, 643),
	(665, 527, 1, 20.00, 20, NULL, '2025-10-01 09:14:31', 116, 570),
	(666, 527, 2, 20.00, 15, NULL, '2025-10-01 09:14:31', 121, 570),
	(667, 527, 3, 20.00, 15, NULL, '2025-10-01 09:14:31', 108, 570),
	(668, 527, 4, 20.00, 15, NULL, '2025-10-01 09:14:31', 108, 570),
	(669, 527, 5, 20.00, 15, NULL, '2025-10-01 09:14:31', 117, 570),
	(670, 528, 1, 5.00, 15, NULL, '2025-10-01 09:28:52', 64, 698),
	(671, 528, 2, 5.00, 15, NULL, '2025-10-01 09:28:52', 6, 698),
	(672, 528, 3, 5.00, 15, NULL, '2025-10-01 09:28:52', 234, 698),
	(673, 528, 4, 5.00, 15, NULL, '2025-10-01 09:28:52', 136, 698),
	(674, 528, 5, 5.00, 15, NULL, '2025-10-01 09:28:52', 133, 698),
	(675, 528, 6, 5.00, 15, NULL, '2025-10-01 09:28:52', 125, 698),
	(676, 529, 1, 50.00, 10, NULL, '2025-10-01 09:42:18', 8, 457),
	(677, 529, 2, 50.00, 10, NULL, '2025-10-01 09:42:18', 101, 457),
	(678, 529, 3, 50.00, 10, NULL, '2025-10-01 09:42:18', 106, 457),
	(679, 529, 4, 50.00, 10, NULL, '2025-10-01 09:42:18', 122, 457),
	(680, 529, 5, 50.00, 10, NULL, '2025-10-01 09:42:18', 120, 457),
	(681, 530, 1, 20.00, 10, NULL, '2025-10-01 11:15:24', 56, 336),
	(682, 530, 2, 20.00, 10, NULL, '2025-10-01 11:15:24', 95, 336),
	(683, 530, 3, 20.00, 10, NULL, '2025-10-01 11:15:24', 89, 336),
	(684, 530, 4, 20.00, 10, NULL, '2025-10-01 11:15:24', 96, 336),
	(685, 531, 1, 5.00, 20, NULL, '2025-10-01 11:25:20', 144, 582),
	(686, 531, 2, 5.00, 20, NULL, '2025-10-01 11:25:20', 104, 582),
	(687, 531, 3, 5.00, 20, NULL, '2025-10-01 11:25:20', 98, 582),
	(688, 531, 4, 5.00, 20, NULL, '2025-10-01 11:25:20', 116, 582),
	(689, 531, 5, 5.00, 20, NULL, '2025-10-01 11:25:20', 120, 582),
	(690, 532, 1, 15.00, 12, NULL, '2025-10-01 11:31:56', 117, 387),
	(691, 532, 2, 15.00, 12, NULL, '2025-10-01 11:31:56', 67, 387),
	(692, 532, 3, 15.00, 12, NULL, '2025-10-01 11:31:56', 82, 387),
	(693, 532, 4, 15.00, 12, NULL, '2025-10-01 11:31:56', 121, 387),
	(694, 533, 1, 5.00, 15, NULL, '2025-10-01 11:40:45', 123, 515),
	(695, 533, 2, 5.00, 15, NULL, '2025-10-01 11:40:45', 91, 515),
	(696, 533, 3, 5.00, 15, NULL, '2025-10-01 11:40:45', 99, 515),
	(697, 533, 4, 5.00, 15, NULL, '2025-10-01 11:40:45', 117, 515),
	(698, 533, 5, 5.00, 15, NULL, '2025-10-01 11:40:45', 85, 515),
	(699, 534, 1, 20.00, 15, NULL, '2025-10-01 11:48:22', 125, 450),
	(700, 534, 2, 20.00, 15, NULL, '2025-10-01 11:48:22', 109, 450),
	(701, 534, 3, 20.00, 15, NULL, '2025-10-01 11:48:22', 105, 450),
	(702, 534, 4, 20.00, 15, NULL, '2025-10-01 11:48:22', 111, 450),
	(703, 535, 1, 5.00, 15, NULL, '2025-10-01 11:58:05', 64, 473),
	(704, 535, 2, 5.00, 15, NULL, '2025-10-01 11:58:05', 84, 473),
	(705, 535, 3, 5.00, 15, NULL, '2025-10-01 11:58:05', 128, 473),
	(706, 535, 4, 5.00, 15, NULL, '2025-10-01 11:58:05', 96, 473),
	(707, 535, 5, 5.00, 15, NULL, '2025-10-01 11:58:05', 101, 473),
	(708, 536, 1, 15.00, 12, NULL, '2025-10-01 12:03:55', 40, 286),
	(709, 536, 2, 15.00, 12, NULL, '2025-10-01 12:03:55', 122, 286),
	(710, 536, 3, 15.00, 12, NULL, '2025-10-01 12:03:55', 124, 286),
	(711, 561, 1, 7.00, 12, NULL, '2025-10-02 12:42:39', 9, 9),
	(712, 561, 2, 7.00, 12, NULL, '2025-10-02 12:42:39', 0, 9),
	(713, 561, 3, 7.00, 12, NULL, '2025-10-02 12:42:39', 0, 9),
	(714, 562, 1, 7.00, 12, NULL, '2025-10-02 12:42:48', 3, 3),
	(715, 562, 2, 7.00, 12, NULL, '2025-10-02 12:42:48', 0, 3),
	(716, 562, 3, 7.00, 12, NULL, '2025-10-02 12:42:48', 0, 3),
	(717, 563, 1, 3.00, 30, NULL, '2025-10-02 12:43:06', 3, 12),
	(718, 563, 2, 3.00, 20, NULL, '2025-10-02 12:43:06', 9, 12),
	(719, 554, 1, 2.00, 10, NULL, '2025-10-02 12:43:32', 3, 3),
	(720, 554, 2, 2.00, 10, NULL, '2025-10-02 12:43:32', 0, 3),
	(721, 554, 3, 2.00, 10, NULL, '2025-10-02 12:43:32', 0, 3),
	(722, 554, 4, 2.00, 10, NULL, '2025-10-02 12:43:32', 0, 3),
	(723, 554, 5, 2.00, 10, NULL, '2025-10-02 12:43:32', 0, 3),
	(724, 555, 1, 2.00, 10, NULL, '2025-10-02 12:43:39', 0, 0),
	(725, 555, 2, 2.00, 10, NULL, '2025-10-02 12:43:39', 0, 0),
	(726, 555, 3, 2.00, 10, NULL, '2025-10-02 12:43:39', 0, 0),
	(727, 555, 4, 2.00, 10, NULL, '2025-10-02 12:43:39', 0, 0),
	(728, 555, 5, 2.00, 10, NULL, '2025-10-02 12:43:39', 0, 0),
	(729, 556, 1, 2.00, 10, NULL, '2025-10-02 12:43:47', 3, 3),
	(730, 556, 2, 2.00, 10, NULL, '2025-10-02 12:43:47', 0, 3),
	(731, 556, 3, 2.00, 10, NULL, '2025-10-02 12:43:47', 0, 3),
	(732, 556, 4, 2.00, 10, NULL, '2025-10-02 12:43:47', 0, 3),
	(733, 556, 5, 2.00, 10, NULL, '2025-10-02 12:43:47', 0, 3),
	(734, 576, 1, 35.00, 20, NULL, '2025-10-03 07:50:00', 106, 716),
	(735, 576, 2, 35.00, 20, NULL, '2025-10-03 07:50:00', 151, 716),
	(736, 576, 3, 35.00, 20, NULL, '2025-10-03 07:50:00', 147, 716),
	(737, 576, 4, 35.00, 20, NULL, '2025-10-03 07:50:00', 156, 716),
	(738, 576, 5, 35.00, 20, NULL, '2025-10-03 07:50:00', 156, 716),
	(739, 577, 1, 47.00, 20, NULL, '2025-10-03 08:03:33', 195, 705),
	(740, 577, 2, 47.00, 20, NULL, '2025-10-03 08:03:33', 125, 705),
	(741, 577, 3, 47.00, 20, NULL, '2025-10-03 08:03:33', 109, 705),
	(742, 577, 4, 47.00, 20, NULL, '2025-10-03 08:03:33', 145, 705),
	(743, 577, 5, 47.00, 20, NULL, '2025-10-03 08:03:33', 131, 705),
	(745, 578, 1, 0.00, 20, NULL, '2025-10-03 08:25:21', 0, 770),
	(746, 578, 2, 20.00, 20, NULL, '2025-10-03 08:25:21', 0, 770),
	(747, 578, 3, 0.00, 20, NULL, '2025-10-03 08:25:21', 155, 770),
	(748, 578, 4, 0.00, 20, NULL, '2025-10-03 08:25:21', 192, 770),
	(749, 578, 5, 0.00, 20, NULL, '2025-10-03 08:25:21', 205, 770),
	(750, 578, 6, 0.00, 20, NULL, '2025-10-03 08:25:21', 218, 770),
	(753, 537, 1, 13.00, 25, NULL, '2025-10-03 08:31:11', 25, 56),
	(754, 537, 2, 13.00, 25, NULL, '2025-10-03 08:31:11', 25, 56),
	(755, 537, 3, 13.00, 25, NULL, '2025-10-03 08:31:11', 6, 56),
	(756, 579, 1, 3.00, 15, NULL, '2025-10-03 08:45:11', 1, 679),
	(757, 579, 2, 3.00, 15, NULL, '2025-10-03 08:45:11', 105, 679),
	(758, 579, 3, 3.00, 15, NULL, '2025-10-03 08:45:11', 183, 679),
	(759, 579, 4, 3.00, 15, NULL, '2025-10-03 08:45:11', 239, 679),
	(760, 579, 5, 3.00, 15, NULL, '2025-10-03 08:45:11', 151, 679),
	(761, 580, 1, 7.00, 12, NULL, '2025-10-03 09:03:13', 0, 787),
	(762, 580, 2, 7.00, 12, NULL, '2025-10-03 09:03:13', 179, 787),
	(763, 580, 3, 7.00, 12, NULL, '2025-10-03 09:03:13', 200, 787),
	(764, 580, 4, 7.00, 12, NULL, '2025-10-03 09:03:13', 194, 787),
	(765, 580, 5, 7.00, 12, NULL, '2025-10-03 09:03:13', 214, 787),
	(771, 590, 1, 25.00, 15, NULL, '2025-10-10 08:48:35', 2, 438),
	(772, 590, 2, 25.00, 15, NULL, '2025-10-10 08:48:35', 97, 438),
	(773, 590, 3, 25.00, 15, NULL, '2025-10-10 08:48:35', 102, 438),
	(774, 590, 4, 25.00, 15, NULL, '2025-10-10 08:48:35', 95, 438),
	(775, 590, 5, 25.00, 15, NULL, '2025-10-10 08:48:35', 142, 438),
	(776, 592, 1, 50.00, 12, NULL, '2025-10-10 09:01:09', 88, 485),
	(777, 592, 2, 50.00, 12, NULL, '2025-10-10 09:01:09', 0, 485),
	(778, 592, 3, 50.00, 10, NULL, '2025-10-10 09:01:09', 127, 485),
	(779, 592, 4, 50.00, 10, NULL, '2025-10-10 09:01:09', 134, 485),
	(780, 592, 5, 50.00, 10, NULL, '2025-10-10 09:01:09', 136, 485),
	(781, 593, 1, 5.00, 15, NULL, '2025-10-10 09:13:25', 132, 583),
	(782, 593, 2, 5.00, 15, NULL, '2025-10-10 09:13:25', 113, 583),
	(783, 593, 3, 5.00, 15, NULL, '2025-10-10 09:13:25', 103, 583),
	(784, 593, 4, 5.00, 15, NULL, '2025-10-10 09:13:25', 104, 583),
	(785, 593, 5, 5.00, 15, NULL, '2025-10-10 09:13:25', 131, 583),
	(786, 591, 1, 20.00, 12, NULL, '2025-10-10 09:17:19', 2, 2),
	(787, 591, 2, 20.00, 12, NULL, '2025-10-10 09:17:19', 0, 2),
	(788, 591, 3, 20.00, 12, NULL, '2025-10-10 09:17:19', 0, 2),
	(789, 591, 4, 20.00, 12, NULL, '2025-10-10 09:17:19', 0, 2),
	(790, 591, 5, 20.00, 12, NULL, '2025-10-10 09:17:19', 0, 2),
	(791, 594, 1, 3.00, 20, NULL, '2025-10-10 09:20:35', 73, 190),
	(792, 594, 2, 3.00, 20, NULL, '2025-10-10 09:20:35', 117, 190),
	(793, 595, 1, 5.00, 15, NULL, '2025-10-10 09:23:00', 29, 77),
	(794, 595, 2, 5.00, 15, NULL, '2025-10-10 09:23:00', 48, 77),
	(795, 596, 1, 2.00, 20, NULL, '2025-10-10 09:34:54', 2, 170),
	(796, 596, 2, 2.00, 20, NULL, '2025-10-10 09:34:54', 0, 170),
	(797, 596, 3, 2.00, 20, NULL, '2025-10-10 09:34:54', 0, 170),
	(798, 596, 4, 2.00, 20, NULL, '2025-10-10 09:34:54', 54, 170),
	(799, 596, 5, 2.00, 20, NULL, '2025-10-10 09:34:54', 114, 170),
	(800, 597, 1, 20.00, 20, NULL, '2025-10-10 12:38:59', 179, 543),
	(801, 597, 2, 30.00, 12, NULL, '2025-10-10 12:38:59', 85, 543),
	(802, 597, 3, 30.00, 12, NULL, '2025-10-10 12:38:59', 89, 543),
	(803, 597, 4, 30.00, 12, NULL, '2025-10-10 12:38:59', 89, 543),
	(804, 597, 5, 30.00, 12, NULL, '2025-10-10 12:38:59', 101, 543),
	(805, 599, 1, 30.00, 15, NULL, '2025-10-10 12:46:46', 98, 425),
	(806, 599, 2, 30.00, 15, NULL, '2025-10-10 12:46:46', 104, 425),
	(807, 599, 3, 30.00, 15, NULL, '2025-10-10 12:46:46', 118, 425),
	(808, 599, 4, 30.00, 15, NULL, '2025-10-10 12:46:46', 105, 425),
	(809, 600, 1, 20.00, 12, NULL, '2025-10-10 12:55:29', 139, 511),
	(810, 600, 2, 20.00, 12, NULL, '2025-10-10 12:55:29', 156, 511),
	(811, 600, 3, 20.00, 12, NULL, '2025-10-10 12:55:29', 32, 511),
	(812, 600, 4, 20.00, 12, NULL, '2025-10-10 12:55:29', 89, 511),
	(813, 600, 5, 20.00, 12, NULL, '2025-10-10 12:55:29', 95, 511),
	(814, 601, 1, 30.00, 12, NULL, '2025-10-10 13:02:01', 78, 366),
	(815, 601, 2, 30.00, 12, NULL, '2025-10-10 13:02:01', 80, 366),
	(816, 601, 3, 30.00, 12, NULL, '2025-10-10 13:02:01', 105, 366),
	(817, 601, 4, 30.00, 12, NULL, '2025-10-10 13:02:01', 103, 366),
	(818, 598, 1, 60.00, 10, NULL, '2025-10-10 13:06:55', 111, 286),
	(819, 598, 2, 60.00, 10, NULL, '2025-10-10 13:06:55', 96, 286),
	(820, 598, 3, 60.00, 10, NULL, '2025-10-10 13:06:55', 79, 286),
	(821, 602, 1, 10.00, 15, NULL, '2025-10-10 13:15:35', 79, 412),
	(822, 602, 2, 10.00, 15, NULL, '2025-10-10 13:15:35', 83, 412),
	(823, 602, 3, 10.00, 15, NULL, '2025-10-10 13:15:35', 84, 412),
	(824, 602, 4, 10.00, 15, NULL, '2025-10-10 13:15:35', 77, 412),
	(825, 602, 5, 10.00, 15, NULL, '2025-10-10 13:15:35', 89, 412),
	(826, 625, 1, 55.00, 20, NULL, '2025-10-13 11:05:45', 2, 2),
	(827, 625, 2, 55.00, 20, NULL, '2025-10-13 11:05:45', 0, 2),
	(828, 625, 3, 55.00, 20, NULL, '2025-10-13 11:05:45', 0, 2),
	(829, 625, 4, 55.00, 20, NULL, '2025-10-13 11:05:45', 0, 2),
	(830, 625, 5, 55.00, 20, NULL, '2025-10-13 11:05:45', 0, 2),
	(831, 626, 1, 0.00, 30, NULL, '2025-10-13 11:05:52', 0, 0),
	(832, 626, 2, 0.00, 30, NULL, '2025-10-13 11:05:52', 0, 0),
	(833, 626, 3, 0.00, 30, NULL, '2025-10-13 11:05:52', 0, 0),
	(834, 626, 4, 0.00, 30, NULL, '2025-10-13 11:05:52', 0, 0),
	(835, 626, 5, 0.00, 30, NULL, '2025-10-13 11:05:52', 0, 0),
	(836, 627, 1, 55.00, 15, NULL, '2025-10-13 11:05:58', 0, 0),
	(837, 627, 2, 55.00, 15, NULL, '2025-10-13 11:05:58', 0, 0),
	(838, 627, 3, 55.00, 15, NULL, '2025-10-13 11:05:58', 0, 0),
	(839, 627, 4, 55.00, 15, NULL, '2025-10-13 11:05:58', 0, 0),
	(840, 628, 1, 3.00, 0, NULL, '2025-10-13 11:06:02', 0, 0),
	(841, 629, 1, 16.00, 20, NULL, '2025-10-13 11:06:23', 1, 1),
	(842, 629, 2, 16.00, 20, NULL, '2025-10-13 11:06:23', 0, 1),
	(843, 629, 3, 16.00, 20, NULL, '2025-10-13 11:06:23', 0, 1),
	(844, 629, 4, 16.00, 20, NULL, '2025-10-13 11:06:23', 0, 1),
	(845, 629, 5, 16.00, 20, NULL, '2025-10-13 11:06:23', 0, 1),
	(846, 630, 1, 30.00, 15, NULL, '2025-10-13 12:12:41', 83, 413),
	(847, 630, 2, 30.00, 15, NULL, '2025-10-13 12:12:41', 100, 413),
	(848, 630, 3, 30.00, 15, NULL, '2025-10-13 12:12:41', 116, 413),
	(849, 630, 4, 30.00, 15, NULL, '2025-10-13 12:12:41', 114, 413),
	(850, 631, 1, 30.00, 12, NULL, '2025-10-13 12:23:20', 214, 628),
	(851, 631, 2, 30.00, 12, NULL, '2025-10-13 12:23:20', 96, 628),
	(852, 631, 3, 30.00, 12, NULL, '2025-10-13 12:23:20', 116, 628),
	(853, 631, 4, 30.00, 12, NULL, '2025-10-13 12:23:20', 97, 628),
	(854, 631, 5, 30.00, 12, NULL, '2025-10-13 12:23:20', 105, 628),
	(855, 632, 1, 20.00, 12, NULL, '2025-10-13 12:33:43', 151, 614),
	(856, 632, 2, 20.00, 12, NULL, '2025-10-13 12:33:43', 112, 614),
	(857, 632, 3, 20.00, 12, NULL, '2025-10-13 12:33:43', 136, 614),
	(858, 632, 4, 20.00, 12, NULL, '2025-10-13 12:33:43', 103, 614),
	(859, 632, 5, 20.00, 12, NULL, '2025-10-13 12:33:43', 112, 614),
	(860, 633, 1, 30.00, 12, NULL, '2025-10-13 12:40:19', 123, 382),
	(861, 633, 2, 30.00, 12, NULL, '2025-10-13 12:40:19', 84, 382),
	(862, 633, 3, 30.00, 12, NULL, '2025-10-13 12:40:19', 87, 382),
	(863, 633, 4, 30.00, 12, NULL, '2025-10-13 12:40:19', 88, 382),
	(864, 635, 1, 20.00, 12, NULL, '2025-10-13 12:49:09', 111, 430),
	(865, 635, 2, 20.00, 12, NULL, '2025-10-13 12:49:09', 116, 430),
	(866, 635, 3, 20.00, 12, NULL, '2025-10-13 12:49:09', 91, 430),
	(867, 635, 4, 20.00, 12, NULL, '2025-10-13 12:49:09', 112, 430),
	(868, 636, 1, 10.00, 12, NULL, '2025-10-13 12:59:03', 98, 485),
	(869, 636, 2, 10.00, 12, NULL, '2025-10-13 12:59:03', 62, 485),
	(870, 636, 3, 10.00, 12, NULL, '2025-10-13 12:59:03', 93, 485),
	(871, 636, 4, 10.00, 12, NULL, '2025-10-13 12:59:03', 96, 485),
	(872, 636, 5, 10.00, 12, NULL, '2025-10-13 12:59:03', 136, 485),
	(873, 649, 1, 25.00, 20, NULL, '2025-10-15 08:31:37', 94, 644),
	(874, 649, 2, 25.00, 20, NULL, '2025-10-15 08:31:37', 159, 644),
	(875, 649, 3, 25.00, 20, NULL, '2025-10-15 08:31:37', 118, 644),
	(876, 649, 4, 25.00, 20, NULL, '2025-10-15 08:31:37', 115, 644),
	(877, 649, 5, 25.00, 20, NULL, '2025-10-15 08:31:37', 158, 644),
	(878, 650, 1, 20.00, 15, NULL, '2025-10-15 08:47:56', 2, 613),
	(879, 650, 2, 20.00, 15, NULL, '2025-10-15 08:47:56', 0, 613),
	(880, 650, 3, 20.00, 15, NULL, '2025-10-15 08:47:56', 139, 613),
	(881, 650, 4, 20.00, 15, NULL, '2025-10-15 08:47:56', 141, 613),
	(882, 650, 5, 20.00, 15, NULL, '2025-10-15 08:47:56', 183, 613),
	(883, 650, 6, 20.00, 15, NULL, '2025-10-15 08:47:56', 148, 613),
	(884, 651, 1, 20.00, 15, NULL, '2025-10-15 08:59:58', 83, 573),
	(885, 651, 2, 20.00, 15, NULL, '2025-10-15 08:59:58', 243, 573),
	(886, 651, 3, 20.00, 15, NULL, '2025-10-15 08:59:58', 0, 573),
	(887, 651, 4, 20.00, 15, NULL, '2025-10-15 08:59:58', 128, 573),
	(888, 651, 5, 20.00, 15, NULL, '2025-10-15 08:59:58', 119, 573),
	(889, 652, 1, 5.00, 15, NULL, '2025-10-15 09:13:42', 61, 741),
	(890, 652, 2, 5.00, 15, NULL, '2025-10-15 09:13:42', 116, 741),
	(891, 652, 3, 5.00, 15, NULL, '2025-10-15 09:13:42', 157, 741),
	(892, 652, 4, 5.00, 15, NULL, '2025-10-15 09:13:42', 164, 741),
	(893, 652, 5, 5.00, 15, NULL, '2025-10-15 09:13:42', 243, 741),
	(894, 653, 1, 25.00, 16, NULL, '2025-10-15 09:33:07', 130, 968),
	(895, 653, 2, 25.00, 16, NULL, '2025-10-15 09:33:07', 230, 968),
	(896, 653, 3, 25.00, 16, NULL, '2025-10-15 09:33:07', 233, 968),
	(897, 653, 4, 25.00, 16, NULL, '2025-10-15 09:33:07', 85, 968),
	(898, 653, 5, 25.00, 16, NULL, '2025-10-15 09:33:07', 92, 968),
	(899, 653, 6, 25.00, 16, NULL, '2025-10-15 09:33:07', 198, 968),
	(900, 654, 1, 6.00, 20, NULL, '2025-10-15 09:50:47', 251, 628),
	(901, 654, 2, 6.00, 20, NULL, '2025-10-15 09:50:47', 0, 628),
	(902, 654, 3, 6.00, 20, NULL, '2025-10-15 09:50:47', 1, 628),
	(903, 654, 4, 6.00, 20, NULL, '2025-10-15 09:50:47', 135, 628),
	(904, 654, 5, 6.00, 20, NULL, '2025-10-15 09:50:47', 108, 628),
	(905, 654, 6, 6.00, 20, NULL, '2025-10-15 09:50:47', 133, 628),
	(906, 674, 1, 20.00, 20, NULL, '2025-10-17 08:51:08', 0, 567),
	(907, 674, 2, 20.00, 20, NULL, '2025-10-17 08:51:08', 1, 567),
	(908, 674, 3, 20.00, 20, NULL, '2025-10-17 08:51:08', 0, 567),
	(909, 674, 4, 20.00, 20, NULL, '2025-10-17 08:51:08', 385, 567),
	(910, 674, 5, 20.00, 20, NULL, '2025-10-17 08:51:08', 181, 567),
	(911, 675, 1, 20.00, 15, NULL, '2025-10-17 09:15:56', 1, 1020),
	(912, 675, 2, 20.00, 15, NULL, '2025-10-17 09:15:56', 271, 1020),
	(913, 675, 3, 20.00, 15, NULL, '2025-10-17 09:15:56', 276, 1020),
	(914, 675, 4, 20.00, 15, NULL, '2025-10-17 09:15:56', 235, 1020),
	(915, 675, 5, 20.00, 15, NULL, '2025-10-17 09:15:56', 237, 1020),
	(916, 676, 1, 55.00, 20, NULL, '2025-10-17 09:41:13', 2, 212),
	(917, 676, 2, 95.00, 8, NULL, '2025-10-17 09:41:13', 204, 212),
	(918, 676, 3, 95.00, 8, NULL, '2025-10-17 09:41:13', 4, 212),
	(919, 676, 4, 95.00, 8, NULL, '2025-10-17 09:41:13', 0, 212),
	(920, 676, 5, 95.00, 8, NULL, '2025-10-17 09:41:13', 2, 212),
	(921, 684, 1, 55.00, 20, NULL, '2025-10-17 09:41:55', 6, 229),
	(922, 684, 2, 95.00, 8, NULL, '2025-10-17 09:41:55', 222, 229),
	(923, 684, 3, 95.00, 8, NULL, '2025-10-17 09:41:55', 1, 229),
	(924, 684, 4, 95.00, 8, NULL, '2025-10-17 09:41:55', 0, 229),
	(925, 684, 5, 95.00, 8, NULL, '2025-10-17 09:41:55', 0, 229),
	(926, 685, 1, 25.00, 20, NULL, '2025-10-17 09:51:36', 2, 221),
	(927, 685, 2, 47.00, 8, NULL, '2025-10-17 09:51:36', 215, 221),
	(928, 685, 3, 47.00, 8, NULL, '2025-10-17 09:51:36', 4, 221),
	(929, 685, 4, 47.00, 8, NULL, '2025-10-17 09:51:36', 0, 221),
	(930, 677, 1, 25.00, 20, NULL, '2025-10-17 09:52:10', 3, 3),
	(931, 677, 2, 25.00, 20, NULL, '2025-10-17 09:52:10', 0, 3),
	(932, 677, 3, 25.00, 20, NULL, '2025-10-17 09:52:10', 0, 3),
	(933, 677, 4, 25.00, 20, NULL, '2025-10-17 09:52:10', 0, 3),
	(934, 677, 5, 25.00, 20, NULL, '2025-10-17 09:52:10', 0, 3),
	(949, 686, 1, 3.00, 30, NULL, '2025-10-17 10:07:28', 17, 17),
	(950, 686, 2, 3.00, 30, NULL, '2025-10-17 10:07:28', 0, 17),
	(951, 686, 3, 3.00, 30, NULL, '2025-10-17 10:07:28', 0, 17),
	(952, 686, 4, 5.00, 20, NULL, '2025-10-17 10:07:28', 0, 17),
	(953, 687, 1, 16.00, 25, NULL, '2025-10-17 10:16:29', 7, 280),
	(954, 687, 2, 16.00, 25, NULL, '2025-10-17 10:16:29', 67, 280),
	(955, 687, 3, 16.00, 25, NULL, '2025-10-17 10:16:29', 97, 280),
	(956, 687, 4, 16.00, 25, NULL, '2025-10-17 10:16:29', 109, 280),
	(963, 688, 1, 3.00, 0, NULL, '2025-10-17 10:31:49', 29, 786),
	(964, 688, 2, 3.00, 0, NULL, '2025-10-17 10:31:49', 327, 786),
	(965, 688, 3, 3.00, 0, NULL, '2025-10-17 10:31:49', 198, 786),
	(966, 688, 4, 3.00, 0, NULL, '2025-10-17 10:31:49', 232, 786),
	(967, 691, 1, 55.00, 20, NULL, '2025-10-17 10:42:24', 1, 1),
	(968, 691, 2, 55.00, 20, NULL, '2025-10-17 10:42:24', 0, 1),
	(969, 691, 3, 55.00, 20, NULL, '2025-10-17 10:42:24', 0, 1),
	(970, 691, 4, 55.00, 20, NULL, '2025-10-17 10:42:24', 0, 1),
	(971, 691, 5, 55.00, 20, NULL, '2025-10-17 10:42:24', 0, 1),
	(972, 690, 1, 3.00, 10, NULL, '2025-10-17 11:08:04', 1, 1),
	(973, 690, 2, 3.00, 10, NULL, '2025-10-17 11:08:04', 0, 1),
	(974, 690, 3, 3.00, 10, NULL, '2025-10-17 11:08:04', 0, 1),
	(975, 690, 4, 3.00, 10, NULL, '2025-10-17 11:08:04', 0, 1),
	(976, 690, 5, 3.00, 10, NULL, '2025-10-17 11:08:04', 0, 1),
	(977, 690, 6, 3.00, 10, NULL, '2025-10-17 11:08:04', 0, 1),
	(978, 709, 1, 30.00, 15, NULL, '2025-10-20 11:26:40', 114, 446),
	(979, 709, 2, 30.00, 15, NULL, '2025-10-20 11:26:40', 65, 446),
	(980, 709, 3, 30.00, 15, NULL, '2025-10-20 11:26:40', 83, 446),
	(981, 709, 4, 30.00, 15, NULL, '2025-10-20 11:26:40', 86, 446),
	(982, 709, 5, 30.00, 15, NULL, '2025-10-20 11:26:40', 98, 446),
	(983, 710, 1, 30.00, 12, NULL, '2025-10-20 11:35:35', 109, 522),
	(984, 710, 2, 30.00, 12, NULL, '2025-10-20 11:35:35', 125, 522),
	(985, 710, 3, 30.00, 12, NULL, '2025-10-20 11:35:35', 97, 522),
	(986, 710, 4, 30.00, 12, NULL, '2025-10-20 11:35:35', 102, 522),
	(987, 710, 5, 30.00, 12, NULL, '2025-10-20 11:35:35', 89, 522),
	(988, 711, 1, 20.00, 12, NULL, '2025-10-20 11:44:35', 120, 527),
	(989, 711, 2, 20.00, 12, NULL, '2025-10-20 11:44:35', 105, 527),
	(990, 711, 3, 20.00, 12, NULL, '2025-10-20 11:44:35', 98, 527),
	(991, 711, 4, 20.00, 12, NULL, '2025-10-20 11:44:35', 104, 527),
	(992, 711, 5, 20.00, 12, NULL, '2025-10-20 11:44:35', 100, 527),
	(993, 712, 1, 30.00, 12, NULL, '2025-10-20 11:54:24', 180, 578),
	(994, 712, 2, 30.00, 12, NULL, '2025-10-20 11:54:24', 87, 578),
	(995, 712, 3, 30.00, 12, NULL, '2025-10-20 11:54:24', 103, 578),
	(996, 712, 4, 30.00, 12, NULL, '2025-10-20 11:54:24', 93, 578),
	(997, 712, 5, 30.00, 12, NULL, '2025-10-20 11:54:24', 115, 578),
	(998, 713, 1, 20.00, 12, NULL, '2025-10-20 12:02:26', 60, 408),
	(999, 713, 2, 10.00, 12, NULL, '2025-10-20 12:02:26', 119, 408),
	(1000, 713, 3, 10.00, 12, NULL, '2025-10-20 12:02:26', 126, 408),
	(1001, 713, 4, 10.00, 12, NULL, '2025-10-20 12:02:26', 103, 408),
	(1002, 714, 1, 10.00, 12, NULL, '2025-10-20 12:10:41', 114, 474),
	(1003, 714, 2, 10.00, 12, NULL, '2025-10-20 12:10:41', 81, 474),
	(1004, 714, 3, 10.00, 12, NULL, '2025-10-20 12:10:41', 81, 474),
	(1005, 714, 4, 10.00, 12, NULL, '2025-10-20 12:10:41', 101, 474),
	(1006, 714, 5, 10.00, 12, NULL, '2025-10-20 12:10:41', 97, 474),
	(1007, 727, 1, 20.00, 15, NULL, '2025-10-21 12:12:25', 52, 401),
	(1008, 727, 2, 20.00, 15, NULL, '2025-10-21 12:12:25', 84, 401),
	(1009, 727, 3, 20.00, 15, NULL, '2025-10-21 12:12:25', 107, 401),
	(1010, 727, 4, 20.00, 15, NULL, '2025-10-21 12:12:25', 70, 401),
	(1011, 727, 5, 20.00, 15, NULL, '2025-10-21 12:12:25', 88, 401),
	(1012, 729, 1, 40.00, 15, NULL, '2025-10-21 12:20:34', 106, 459),
	(1013, 729, 2, 40.00, 15, NULL, '2025-10-21 12:20:34', 108, 459),
	(1014, 729, 3, 40.00, 15, NULL, '2025-10-21 12:20:34', 145, 459),
	(1015, 729, 4, 40.00, 15, NULL, '2025-10-21 12:20:34', 100, 459),
	(1016, 728, 1, 10.00, 15, NULL, '2025-10-21 12:28:13', 137, 441),
	(1017, 728, 2, 10.00, 15, NULL, '2025-10-21 12:28:13', 98, 441),
	(1018, 728, 3, 10.00, 15, NULL, '2025-10-21 12:28:13', 102, 441),
	(1019, 728, 4, 10.00, 15, NULL, '2025-10-21 12:28:13', 104, 441),
	(1020, 732, 1, 40.00, 10, NULL, '2025-10-21 12:38:46', 118, 528),
	(1021, 732, 2, 40.00, 10, NULL, '2025-10-21 12:38:46', 155, 528),
	(1022, 732, 3, 40.00, 10, NULL, '2025-10-21 12:38:46', 146, 528),
	(1023, 732, 4, 40.00, 10, NULL, '2025-10-21 12:38:46', 109, 528),
	(1024, 726, 1, 30.00, 15, NULL, '2025-10-21 12:46:34', 139, 439),
	(1025, 726, 2, 30.00, 15, NULL, '2025-10-21 12:46:34', 117, 439),
	(1026, 726, 3, 30.00, 15, NULL, '2025-10-21 12:46:34', 110, 439),
	(1027, 726, 4, 30.00, 15, NULL, '2025-10-21 12:46:34', 73, 439),
	(1028, 737, 1, 40.00, 12, NULL, '2025-10-22 06:45:05', 4, 6),
	(1029, 737, 2, 40.00, 12, NULL, '2025-10-22 06:45:05', 2, 6),
	(1030, 737, 3, 40.00, 12, NULL, '2025-10-22 06:45:05', 0, 6),
	(1031, 737, 4, 40.00, 12, NULL, '2025-10-22 06:45:05', 0, 6),
	(1032, 737, 5, 40.00, 12, NULL, '2025-10-22 06:45:05', 0, 6),
	(1033, 773, 1, 30.00, 15, NULL, '2025-10-27 10:51:05', 110, 520),
	(1034, 773, 2, 30.00, 15, NULL, '2025-10-27 10:51:05', 91, 520),
	(1035, 773, 3, 30.00, 15, NULL, '2025-10-27 10:51:05', 162, 520),
	(1036, 773, 4, 30.00, 15, NULL, '2025-10-27 10:51:05', 72, 520),
	(1037, 773, 5, 30.00, 15, NULL, '2025-10-27 10:51:05', 85, 520),
	(1038, 774, 1, 30.00, 12, NULL, '2025-10-27 10:59:48', 97, 510),
	(1039, 774, 2, 30.00, 12, NULL, '2025-10-27 10:59:48', 89, 510),
	(1040, 774, 3, 30.00, 12, NULL, '2025-10-27 10:59:48', 100, 510),
	(1041, 774, 4, 30.00, 12, NULL, '2025-10-27 10:59:48', 114, 510),
	(1042, 774, 5, 30.00, 12, NULL, '2025-10-27 10:59:48', 110, 510),
	(1043, 775, 1, 20.00, 12, NULL, '2025-10-27 11:09:47', 127, 570),
	(1044, 775, 2, 20.00, 12, NULL, '2025-10-27 11:09:47', 123, 570),
	(1045, 775, 3, 20.00, 12, NULL, '2025-10-27 11:09:47', 108, 570),
	(1046, 775, 4, 20.00, 12, NULL, '2025-10-27 11:09:47', 110, 570),
	(1047, 775, 5, 20.00, 12, NULL, '2025-10-27 11:09:47', 102, 570),
	(1048, 776, 1, 20.00, 12, NULL, '2025-10-28 10:31:36', 95, 414),
	(1049, 776, 2, 20.00, 12, NULL, '2025-10-28 10:31:36', 69, 414),
	(1050, 776, 3, 20.00, 12, NULL, '2025-10-28 10:31:36', 88, 414),
	(1051, 776, 4, 20.00, 12, NULL, '2025-10-28 10:31:36', 81, 414),
	(1052, 776, 5, 20.00, 12, NULL, '2025-10-28 10:31:36', 81, 414),
	(1053, 777, 1, 20.00, 12, NULL, '2025-10-28 10:41:30', 194, 579),
	(1054, 777, 2, 20.00, 12, NULL, '2025-10-28 10:41:30', 65, 579),
	(1055, 777, 3, 20.00, 12, NULL, '2025-10-28 10:41:30', 113, 579),
	(1056, 777, 4, 20.00, 12, NULL, '2025-10-28 10:41:30', 115, 579),
	(1057, 777, 5, 20.00, 12, NULL, '2025-10-28 10:41:30', 92, 579),
	(1058, 778, 1, 10.00, 12, NULL, '2025-10-28 10:50:58', 74, 521),
	(1059, 778, 2, 10.00, 12, NULL, '2025-10-28 10:50:58', 102, 521),
	(1060, 778, 3, 10.00, 12, NULL, '2025-10-28 10:50:58', 174, 521),
	(1061, 778, 4, 10.00, 12, NULL, '2025-10-28 10:50:58', 87, 521),
	(1062, 778, 5, 10.00, 12, NULL, '2025-10-28 10:50:58', 84, 521),
	(1063, 783, 1, 30.00, 15, NULL, '2025-10-28 11:01:55', 63, 375),
	(1064, 783, 2, 30.00, 15, NULL, '2025-10-28 11:01:55', 93, 375),
	(1065, 783, 3, 30.00, 15, NULL, '2025-10-28 11:01:55', 96, 375),
	(1066, 783, 4, 30.00, 15, NULL, '2025-10-28 11:01:55', 123, 375),
	(1067, 785, 1, 30.00, 12, NULL, '2025-10-28 11:10:17', 3, 319),
	(1068, 785, 2, 30.00, 12, NULL, '2025-10-28 11:10:17', 75, 319),
	(1069, 785, 3, 30.00, 12, NULL, '2025-10-28 11:10:17', 91, 319),
	(1070, 785, 4, 30.00, 12, NULL, '2025-10-28 11:10:17', 150, 319),
	(1071, 779, 1, 15.00, 15, NULL, '2025-10-28 11:18:01', 90, 449),
	(1072, 779, 2, 15.00, 15, NULL, '2025-10-28 11:18:01', 97, 449),
	(1073, 779, 3, 15.00, 15, NULL, '2025-10-28 11:18:01', 90, 449),
	(1074, 779, 4, 15.00, 15, NULL, '2025-10-28 11:18:01', 86, 449),
	(1075, 779, 5, 15.00, 15, NULL, '2025-10-28 11:18:01', 86, 449),
	(1076, 780, 1, 40.00, 15, NULL, '2025-10-28 11:24:36', 68, 353),
	(1077, 780, 2, 40.00, 15, NULL, '2025-10-28 11:24:36', 97, 353),
	(1078, 780, 3, 40.00, 15, NULL, '2025-10-28 11:24:36', 85, 353),
	(1079, 780, 4, 40.00, 15, NULL, '2025-10-28 11:24:36', 103, 353),
	(1080, 784, 1, 40.00, 12, NULL, '2025-10-28 11:32:52', 0, 259),
	(1081, 784, 2, 40.00, 12, NULL, '2025-10-28 11:32:52', 133, 259),
	(1082, 784, 3, 40.00, 12, NULL, '2025-10-28 11:32:52', 126, 259),
	(1083, 816, 1, 30.00, 15, NULL, '2025-11-03 10:49:00', 80, 570),
	(1084, 816, 2, 30.00, 15, NULL, '2025-11-03 10:49:00', 114, 570),
	(1085, 816, 3, 30.00, 15, NULL, '2025-11-03 10:49:00', 127, 570),
	(1086, 816, 4, 30.00, 15, NULL, '2025-11-03 10:49:00', 125, 570),
	(1087, 816, 5, 30.00, 15, NULL, '2025-11-03 10:49:00', 124, 570),
	(1088, 817, 1, 30.00, 12, NULL, '2025-11-03 10:58:52', 131, 570),
	(1089, 817, 2, 30.00, 12, NULL, '2025-11-03 10:58:52', 82, 570),
	(1090, 817, 3, 30.00, 12, NULL, '2025-11-03 10:58:52', 99, 570),
	(1091, 817, 4, 30.00, 12, NULL, '2025-11-03 10:58:52', 155, 570),
	(1092, 817, 5, 30.00, 12, NULL, '2025-11-03 10:58:52', 103, 570),
	(1093, 818, 1, 20.00, 12, NULL, '2025-11-03 11:08:38', 172, 574),
	(1094, 818, 2, 20.00, 12, NULL, '2025-11-03 11:08:38', 100, 574),
	(1095, 818, 3, 20.00, 12, NULL, '2025-11-03 11:08:38', 100, 574),
	(1096, 818, 4, 20.00, 12, NULL, '2025-11-03 11:08:38', 96, 574),
	(1097, 818, 5, 20.00, 12, NULL, '2025-11-03 11:08:38', 106, 574),
	(1098, 819, 1, 20.00, 12, NULL, '2025-11-03 11:17:57', 163, 548),
	(1099, 819, 2, 20.00, 12, NULL, '2025-11-03 11:17:57', 96, 548),
	(1100, 819, 3, 20.00, 12, NULL, '2025-11-03 11:17:57', 102, 548),
	(1101, 819, 4, 20.00, 12, NULL, '2025-11-03 11:17:57', 94, 548),
	(1102, 819, 5, 20.00, 12, NULL, '2025-11-03 11:17:57', 93, 548),
	(1103, 820, 1, 12.00, 12, NULL, '2025-11-03 11:28:29', 124, 598),
	(1104, 820, 2, 12.00, 12, NULL, '2025-11-03 11:28:29', 118, 598),
	(1105, 820, 3, 12.00, 12, NULL, '2025-11-03 11:28:29', 127, 598),
	(1106, 820, 4, 12.00, 12, NULL, '2025-11-03 11:28:29', 111, 598),
	(1107, 820, 5, 12.00, 12, NULL, '2025-11-03 11:28:29', 118, 598),
	(1108, 821, 1, 10.00, 12, NULL, '2025-11-03 11:37:05', 110, 504),
	(1109, 821, 2, 10.00, 12, NULL, '2025-11-03 11:37:05', 110, 504),
	(1110, 821, 3, 10.00, 12, NULL, '2025-11-03 11:37:05', 90, 504),
	(1111, 821, 4, 10.00, 12, NULL, '2025-11-03 11:37:05', 92, 504),
	(1112, 821, 5, 10.00, 12, NULL, '2025-11-03 11:37:05', 102, 504);

-- 테이블 hellchang.m_workout_template 구조 내보내기
CREATE TABLE IF NOT EXISTS `m_workout_template` (
  `template_id` int(11) NOT NULL AUTO_INCREMENT,
  `template_name` varchar(100) NOT NULL COMMENT '템플릿 이름 (예: 어깨운동-1)',
  `description` text DEFAULT NULL COMMENT '템플릿 설명',
  `created_by` int(11) NOT NULL COMMENT '생성한 관리자 ID',
  `created_at` timestamp NULL DEFAULT current_timestamp(),
  `updated_at` timestamp NULL DEFAULT current_timestamp() ON UPDATE current_timestamp(),
  PRIMARY KEY (`template_id`),
  KEY `idx_created_by` (`created_by`),
  CONSTRAINT `fk_template_admin` FOREIGN KEY (`created_by`) REFERENCES `admins` (`id`) ON DELETE CASCADE
) ENGINE=InnoDB AUTO_INCREMENT=3 DEFAULT CHARSET=utf8mb4 COLLATE=utf8mb4_general_ci COMMENT='운동 세트 템플릿';

-- 테이블 데이터 hellchang.m_workout_template:~2 rows (대략적) 내보내기
INSERT IGNORE INTO `m_workout_template` (`template_id`, `template_name`, `description`, `created_by`, `created_at`, `updated_at`) VALUES
	(1, '어깨운동 1번', '', 1, '2025-09-25 01:11:00', '2025-09-25 01:11:00'),
	(2, '어깨운동 2번', '', 1, '2025-09-25 01:24:33', '2025-09-25 01:24:33');

-- 테이블 hellchang.m_workout_template_exercise 구조 내보내기
CREATE TABLE IF NOT EXISTS `m_workout_template_exercise` (
  `id` int(11) NOT NULL AUTO_INCREMENT,
  `template_id` int(11) NOT NULL,
  `ex_id` int(11) DEFAULT NULL COMMENT '운동 ID (정식 운동)',
  `temp_ex_id` int(11) DEFAULT NULL COMMENT '임시 운동 ID',
  `exercise_name` varchar(160) NOT NULL COMMENT '운동명',
  `order_no` int(11) NOT NULL DEFAULT 1 COMMENT '순서',
  `weight` decimal(6,2) DEFAULT NULL COMMENT '무게(kg)',
  `reps` int(11) DEFAULT NULL COMMENT '반복 횟수',
  `sets` int(11) DEFAULT NULL COMMENT '세트 수',
  `note` varchar(255) DEFAULT NULL COMMENT '메모',
  `is_warmup` tinyint(1) DEFAULT 0 COMMENT '웜업 여부',
  PRIMARY KEY (`id`),
  KEY `idx_template_id` (`template_id`),
  KEY `idx_ex_id` (`ex_id`),
  KEY `idx_temp_ex_id` (`temp_ex_id`),
  CONSTRAINT `fk_template_ex_exercise` FOREIGN KEY (`ex_id`) REFERENCES `m_exercise` (`ex_id`) ON DELETE SET NULL,
  CONSTRAINT `fk_template_ex_temp` FOREIGN KEY (`temp_ex_id`) REFERENCES `m_temp_exercise` (`temp_ex_id`) ON DELETE SET NULL,
  CONSTRAINT `fk_template_ex_template` FOREIGN KEY (`template_id`) REFERENCES `m_workout_template` (`template_id`) ON DELETE CASCADE
) ENGINE=InnoDB AUTO_INCREMENT=36 DEFAULT CHARSET=utf8mb4 COLLATE=utf8mb4_general_ci COMMENT='템플릿 내 운동 목록';

-- 테이블 데이터 hellchang.m_workout_template_exercise:~14 rows (대략적) 내보내기
INSERT IGNORE INTO `m_workout_template_exercise` (`id`, `template_id`, `ex_id`, `temp_ex_id`, `exercise_name`, `order_no`, `weight`, `reps`, `sets`, `note`, `is_warmup`) VALUES
	(1, 1, NULL, NULL, '사이드레터럴레이즈', 1, 0.00, 0, 0, '', 0),
	(2, 1, NULL, NULL, '비하인드넥프레스', 2, 0.00, 0, 0, '', 0),
	(3, 1, NULL, NULL, '머신숄더프레스', 3, 0.00, 0, 0, '', 0),
	(4, 1, NULL, NULL, '바벨오버헤드프레스', 4, 0.00, 0, 0, '', 0),
	(5, 1, NULL, NULL, '덤벨숄더프레스', 5, 0.00, 0, 0, '', 0),
	(6, 1, NULL, NULL, '바벨프론트레터럴레이즈', 6, 0.00, 0, 0, '', 0),
	(7, 1, NULL, NULL, '사이드레터럴레이즈', 7, 0.00, 0, 0, '', 0),
	(29, 2, 30, NULL, '사이드 레터럴 레이즈', 1, 0.00, 0, 0, '', 1),
	(30, 2, 69, NULL, '비하인드 넥 프레스', 2, 0.00, 0, 0, '', 0),
	(31, 2, 70, NULL, '머신 숄더 프레스', 3, 0.00, 0, 0, '', 0),
	(32, 2, 28, NULL, '바벨 오버헤드 프레스', 4, 0.00, 0, 0, '', 0),
	(33, 2, 29, NULL, '덤벨 숄더 프레스', 5, 0.00, 0, 0, '', 0),
	(34, 2, 71, NULL, '바벨 프론트 레터럴 레이즈', 6, 0.00, 0, 0, '', 0),
	(35, 2, 30, NULL, '사이드 레터럴 레이즈', 7, 0.00, 0, 0, '', 0);

-- 테이블 hellchang.sessions 구조 내보내기
CREATE TABLE IF NOT EXISTS `sessions` (
  `id` int(11) NOT NULL AUTO_INCREMENT,
  `user_id` int(11) NOT NULL,
  `session_token` varchar(255) NOT NULL,
  `expires_at` timestamp NOT NULL,
  `created_at` timestamp NULL DEFAULT current_timestamp(),
  PRIMARY KEY (`id`) USING BTREE,
  UNIQUE KEY `session_token` (`session_token`) USING BTREE,
  KEY `user_id` (`user_id`) USING BTREE,
  KEY `idx_sessions_token` (`session_token`) USING BTREE,
  KEY `idx_sessions_expires` (`expires_at`) USING BTREE,
  CONSTRAINT `sessions_ibfk_1` FOREIGN KEY (`user_id`) REFERENCES `users` (`id`) ON DELETE CASCADE
) ENGINE=InnoDB AUTO_INCREMENT=171 DEFAULT CHARSET=utf8mb4 COLLATE=utf8mb4_general_ci;

-- 테이블 데이터 hellchang.sessions:~129 rows (대략적) 내보내기
INSERT IGNORE INTO `sessions` (`id`, `user_id`, `session_token`, `expires_at`, `created_at`) VALUES
	(42, 6, 'b91c0d9e2d54eb5a18ee81276ac5d6d8cf31cba70e0b2066973626f02d69b71a', '2025-09-26 15:52:52', '2025-08-28 00:52:52'),
	(43, 6, 'e8ff4cb341cf403bd2b0be825adde845fad1d33d66652397c20451c0e246050c', '2025-09-26 16:22:21', '2025-08-28 01:22:21'),
	(44, 6, '0ba6a60ca12eb7a3e836fb1ff958683ae864d917298d4afada771b351ce6eb77', '2025-09-26 17:02:57', '2025-08-28 02:02:57'),
	(45, 6, '7828e204d2fdabb08969409589d297717e9231b49cd908ba1241082dca764159', '2025-09-28 20:33:24', '2025-08-30 05:33:24'),
	(46, 6, '8e15de7c54240c4158dfdf8e4a5af7e38829cfe495aef503d88af216cda66dae', '2025-09-29 00:02:26', '2025-08-30 09:02:26'),
	(47, 6, 'ed0941eb9498b8bc33481beb26b45017d8827e2bfecf658c3fad81fe5998a61c', '2025-10-02 01:27:34', '2025-09-02 10:27:34'),
	(48, 6, '393d1d0ec449b27502fd9e28ad7f2145e962e5b3db7ff52cad36763774f7814a', '2025-10-02 16:37:05', '2025-09-03 01:37:05'),
	(49, 6, 'fb4cd4f41fe638d1fddfafb20544616c0176c581d4182372ed644b155fd51f94', '2025-10-03 20:45:04', '2025-09-04 05:45:04'),
	(50, 6, '89a229ae90847eb7b1a8f2f2efe63204c0c6a2ebf0d561ea2a76961de54aed61', '2025-10-03 20:55:22', '2025-09-04 05:55:22'),
	(51, 6, '6c67fb79ee014b8f844db1721d956e6261e360df0bfccdb4fe891969490fba4a', '2025-10-06 22:29:46', '2025-09-07 07:29:46'),
	(52, 6, '227955d740edfd0aa068fb71fca40714884e48ad1ff486d9ee81e4afd7ef8ea5', '2025-10-08 00:46:59', '2025-09-08 09:46:59'),
	(53, 6, '414c332296d86f3cdb9c7580487d6d47465b443c4909319db13fd04c700ad174', '2025-10-08 17:47:01', '2025-09-09 02:47:01'),
	(54, 6, '563dac7e11acbc7996f63b4a7f0968d35ddc7ee92de92d9f1c270e412cc25382', '2025-10-09 21:28:45', '2025-09-10 06:28:45'),
	(55, 6, 'e0c72578924302ffe854cfaef4590e7aaf4661f1702e86e686de60167efc835e', '2025-10-09 23:07:42', '2025-09-10 08:07:42'),
	(56, 6, '158bd59eb871a7d47dcbc4dbd2254cbbf020dc351da38552282ee9ecb8879903', '2025-10-10 20:17:26', '2025-09-11 05:17:26'),
	(57, 17, '414c62393178fca79c90a9015f6ee821da606aee54d3749a47ad7f4fed2d640b', '2025-10-10 23:51:08', '2025-09-11 08:51:08'),
	(58, 6, '8a4b255142e5d8f88088603a314bd73724db8f83c7f7412423593780d01088d7', '2025-10-11 01:08:10', '2025-09-11 10:08:10'),
	(59, 17, 'fafe7bbffc41c4a21eb65d625742945e8bee6fc1af7cabd3ae1759b0ec8cd868', '2025-10-11 01:25:22', '2025-09-11 10:25:22'),
	(60, 6, '1688da3ea6cfa803777994edb5323e9de314e1f8c743994a77bc5be2a537242d', '2025-10-12 01:57:08', '2025-09-12 10:57:08'),
	(61, 6, 'c05773a306a494358aab27f8c6a7712d70f60a62a5f18aa9f84ff7aac33e217c', '2025-10-13 00:35:26', '2025-09-13 09:35:26'),
	(62, 6, '2ab38481022d7cce9f1fb5879fd45338ce3c3cb0eda84449c7cd846389c94ce8', '2025-10-13 22:47:30', '2025-09-14 07:47:30'),
	(63, 6, '1e7125a0e234fcfeaa8d65a764aea0354e0f2a70427662fd61113a44fea54c94', '2025-10-14 01:29:48', '2025-09-14 10:29:48'),
	(64, 6, '9dbf8b792f8b09b43f05e0ba3aadab6b6a6ad0cafa4d9d02867a94847fa5c5ac', '2025-10-15 00:45:32', '2025-09-15 09:45:32'),
	(65, 6, 'f1e2147d785b8573420417a8d4a3d95a021e67c058e8c0711f052d96560b6807', '2025-10-15 16:26:31', '2025-09-16 01:26:31'),
	(66, 6, 'c55d0ddd8bbe84b6a5bda07145505470500ce758724c71ab8f4134fb39f9cdcd', '2025-10-15 16:50:32', '2025-09-16 01:50:32'),
	(67, 6, '08f3de0b73f228f71c26c9d5b5b491ac6a438bc69f471e5e57cf2bd0dca3243d', '2025-10-17 01:58:57', '2025-09-17 10:58:57'),
	(68, 17, '7603129438f336e3bc7943ee4dc8b2f1001d765accecf256ae576a3b67bc2039', '2025-10-17 03:07:37', '2025-09-17 12:07:37'),
	(69, 6, 'd7330be75eb0613b2c78f0e136082ee7c4bb8433c449a019e099d035cca3213c', '2025-10-21 23:40:49', '2025-09-22 08:40:49'),
	(70, 6, 'bdc6945152454de8310ef851ee4b02ceee1b5ff37a0d3926a6c126bdbef9bcc2', '2025-10-22 02:04:36', '2025-09-22 11:04:36'),
	(71, 6, '7e5dd01f2549dc4ffa7ad76c9e66ac557a60511c9a54ddd5d0417b6b04cb5dd2', '2025-10-22 20:13:54', '2025-09-23 05:13:54'),
	(72, 6, '9b39193b719038f643bce8da74f7a825ee2e2b8b61858da9f20abbec633ce3e9', '2025-10-23 02:01:01', '2025-09-23 11:01:01'),
	(73, 6, 'e528798e791ab1f4cf1009e9f6324180100f8c07277d315eac50b8862c21e4a4', '2025-10-23 23:27:21', '2025-09-24 08:27:21'),
	(74, 6, '4a78b4850ae622de5dd139ae87826c6cb2b92ca7392d122675a3138c2287dcbf', '2025-10-23 23:28:39', '2025-09-24 08:28:39'),
	(75, 18, 'f6bf3fe48edc31f6be0b1af61a4e7982bb21db160dd549eb4df825f67819b3aa', '2025-10-24 01:12:31', '2025-09-24 10:12:31'),
	(76, 19, 'b7af09afeaf736fe8ca68f1d0c950116a87a4fa576ebb30da91fb3c6e3a74c9f', '2025-10-24 01:14:47', '2025-09-24 10:14:47'),
	(77, 18, '0ec418fb98fec4b2aa0533a23450a385e72d998fe13aa7bf3adfd10f3b9ad089', '2025-10-24 01:26:46', '2025-09-24 10:26:46'),
	(78, 20, '1921ccbfad81c491e2e9cbd27efab8a464de7554d9491bbb7925c06ef0c8e0b7', '2025-10-24 01:34:56', '2025-09-24 10:34:56'),
	(79, 19, 'f8e385e86fc756705725a93ecb284a62d29df95759b51025ad1f1a79976d82ee', '2025-10-24 16:11:37', '2025-09-25 01:11:37'),
	(80, 6, 'df9a75e682d8a4ef8ac2bd2116db3c0721504792ce7b5022a30f30b5f01f4a58', '2025-10-24 17:17:46', '2025-09-25 02:17:46'),
	(81, 6, '87e0f665d435a11c045d3e74fb0d27bfe033838d069f5ec422d9d66e4294d88b', '2025-10-24 23:00:42', '2025-09-25 08:00:42'),
	(82, 19, '1234bae09adf5f520ce515ce160ebad0fcf98da54de79efe8705cd84704e0b0a', '2025-10-24 23:11:42', '2025-09-25 08:11:42'),
	(83, 18, '1973b5df2eb0f98325e68ae7f6ebebadb57199f9c38e5de2c537b68a80c42c81', '2025-10-25 00:06:04', '2025-09-25 09:06:04'),
	(84, 19, 'd3aaa395d573e50a988132e47485726995d00dfae161b70a4aa6aef9c92f15c9', '2025-10-25 03:24:24', '2025-09-25 12:24:24'),
	(85, 19, 'a8423fa16949552fa4b426b60c7e233f294625f854d7fb7553e625bdc13d1148', '2025-10-25 17:38:46', '2025-09-26 02:38:46'),
	(86, 19, '75c41e31f625e9cea8a74236ba34919776b89652022327f4ec1932f1bd1650d7', '2025-10-26 01:24:42', '2025-09-26 10:24:42'),
	(87, 18, 'c2cef709b3ea0d82b8d98c40d5a38643268402fcab5485bdad03694bbc9d7791', '2025-10-26 01:30:22', '2025-09-26 10:30:22'),
	(88, 6, 'db30efbaeb9d63a26281178153da795cba6654742e4469b24cc0f1ab38844585', '2025-10-26 01:50:03', '2025-09-26 10:50:03'),
	(89, 19, '4e2378fc0c44d51c74c89273a4d7e54c148af7ecca8a966cf85ad47a27888827', '2025-10-26 21:05:43', '2025-09-27 06:05:43'),
	(90, 6, '2e896fb2c6b502db583cc726d69fa838b6aa59dc3e33bf2b6bb96f8d5b82d917', '2025-10-27 03:21:22', '2025-09-27 12:21:22'),
	(91, 6, '3a666fb0f12094bc27e64e849e688d06d2b2979b7450631a5392a794da5c6729', '2025-10-27 05:26:36', '2025-09-27 14:26:36'),
	(92, 6, 'cfb604325147ea172d40e86887616c1f55de967bf3461e8ebbcfad3be151115f', '2025-10-27 22:05:26', '2025-09-28 07:05:26'),
	(93, 6, 'c35bc840be61334f6204d1402575ec5271ca76aca740ddb10542199efdee6387', '2025-10-28 15:20:45', '2025-09-29 00:20:45'),
	(94, 19, '33b7ca27494e7da192de354df790e9d24d6b13041305790e8b9645eeb1c05b38', '2025-10-28 16:04:20', '2025-09-29 01:04:20'),
	(95, 19, '570e2c89ef3e5d74e5b267bf088d90cc158de86d3920b6318445ba282561cdb9', '2025-10-28 16:05:29', '2025-09-29 01:05:29'),
	(96, 18, '7593a19f8e8b6146ee142ea41ec1b4bb5574f42e904445a572c2c64b62b13706', '2025-10-29 00:52:52', '2025-09-29 09:52:52'),
	(97, 19, 'ad848c59f44965e4421840b9c2cc0865cb3583ce1915c3ec5bd46c00ee0a8cc3', '2025-10-29 01:15:32', '2025-09-29 10:15:32'),
	(98, 18, '318cf33829eb2421eae57109a30c5560dc037bb9f67c789f4816b5c33d5fc139', '2025-10-29 04:20:23', '2025-09-29 13:20:23'),
	(99, 19, 'b000bc373eb793708c0a0af09405cd2323b895f7a51a7f309aeed512862c314f', '2025-10-29 04:49:31', '2025-09-29 13:49:31'),
	(100, 19, 'ce56858f8078ebed70cc6baa1e6980a22c31f0483dbc6cd277cdea94cff2005a', '2025-10-29 04:52:43', '2025-09-29 13:52:43'),
	(101, 19, '9e696f1a0a79c3e5b1835d1bf2234a9d4b29e49752c81881c3a359019bb9d2fb', '2025-10-29 16:37:26', '2025-09-30 01:37:26'),
	(102, 6, '276b0322fd5f9c5ef2faf60b214b300e44fccc15f7e83771c1ee58dac133f2c0', '2025-10-29 21:23:57', '2025-09-30 06:23:57'),
	(103, 18, 'f047d0f8c880dc5d7fa85b0911f03b3e2a751a4d8911092a7da4c18fa6b9c1dc', '2025-10-29 22:06:49', '2025-09-30 07:06:49'),
	(104, 18, '4a3742e4f4156a56652a4faa4b4e2fd0337d89293d8427f91229a9eca96832ce', '2025-10-29 23:33:54', '2025-09-30 08:33:54'),
	(105, 6, 'ec02cb43d19216398b3bc5d5efd01cdf46e650562b4ae938d4b9b88e6b77f6d0', '2025-10-30 02:11:27', '2025-09-30 11:11:27'),
	(106, 18, '886d1680db799c67f0371fcfafb588f38c80b9d9464524796c991e390e27c7fd', '2025-10-30 04:56:48', '2025-09-30 13:56:48'),
	(107, 18, '4bdc2489fe05d556ae45aeef31cba7f07edaaaa9eaabc91235809eb06091d2e2', '2025-10-30 05:12:18', '2025-09-30 14:12:18'),
	(108, 18, '9046dfea0a8531f0315f427a3c82fc7dd891ea34f9872106a107a6443a39d87f', '2025-10-30 16:27:16', '2025-10-01 01:27:16'),
	(109, 19, '79a890c5611db05d6e78236d852d02b4df060cdd4b3d8b44f381d1473d518922', '2025-10-30 23:24:24', '2025-10-01 08:24:24'),
	(110, 6, 'a099364463fa7a93243dde390a1c8a3c2c8c8015e056ea48b48e7aa16df6a552', '2025-10-31 02:07:09', '2025-10-01 11:07:09'),
	(111, 19, '29565437165b5d426266e027845708d1f776e0eb98040e3a4aff0350e8c7ca56', '2025-10-31 12:51:18', '2025-10-01 21:51:18'),
	(112, 6, '813e438e1e74c91ae80a66e44047eb488776822d7129db11b904c6614a3b2bd8', '2025-10-31 17:27:33', '2025-10-02 02:27:33'),
	(113, 18, '578dfef3e04c8c9cfb7576d39a6f7be0943aa9b7f2e7385d12e1043b7955c339', '2025-10-31 18:02:30', '2025-10-02 03:02:30'),
	(114, 19, 'afec5b4297b987e7e016981d7f9e99c905ab52b7a30f189a21e527238328781b', '2025-10-31 23:07:35', '2025-10-02 08:07:35'),
	(115, 18, '90c232ad18d214ed0447092b075f47aa63a5324c7a7d15e7a14de11cddf6a983', '2025-10-31 23:25:57', '2025-10-02 08:25:57'),
	(116, 19, 'a1ce6a2fccdbc5555e7d23951b5e0576381146a598ed56d003035ead8d10219e', '2025-11-01 03:41:59', '2025-10-02 12:41:59'),
	(117, 6, '6f991991489e7625d0615b26aa8acbc1045b584cd32f92c033cd20655b7b2152', '2025-11-01 22:21:16', '2025-10-03 07:21:16'),
	(118, 19, 'e50a3c16575ab2f68c5c57a0ccc6750d697bca62a81170c39df72dcd6a084c45', '2025-11-01 22:37:02', '2025-10-03 07:37:02'),
	(119, 6, '9343a0f6fd513ecee1ac2ed4a217247215dd67bb96d76d3e35014883ecc74550', '2025-11-01 22:42:08', '2025-10-03 07:42:08'),
	(120, 6, '775ceab0caa5b83444f83fe5eb35813b78ffeef356c818a4f891475747c280c1', '2025-11-07 00:14:29', '2025-10-08 09:14:29'),
	(121, 18, 'b576024a13e690902f5edaf7472c6a7a0c07d5f0b780bdd93400300ce73f069d', '2025-11-07 22:20:20', '2025-10-09 07:20:20'),
	(122, 18, '012ed21e026aea898fc5a29675ad05a33acd45bbfd238c35223eb5d869a6386a', '2025-11-08 01:15:41', '2025-10-09 10:15:41'),
	(123, 18, 'd3fe45963de83afb8158ede63625fbec0d2f72c6f16cc0dc5ecab57aa80ce8f2', '2025-11-08 18:33:32', '2025-10-10 03:33:32'),
	(124, 18, '7bb0acdaf4b0c953706fc38d80cc9054f26c81a7dce8077a79484ea973ab392f', '2025-11-08 23:12:36', '2025-10-10 08:12:36'),
	(125, 19, '05a21e80cb6a35aee49b42472db2792d8ded89f3f3e89ff8e7a5aabc08fb0d7d', '2025-11-08 23:28:44', '2025-10-10 08:28:44'),
	(126, 19, 'b73bb2585217ceb30d8717136a8b09fa6e629489a8a868df1716b974e5e83821', '2025-11-09 02:02:59', '2025-10-10 11:02:59'),
	(127, 6, 'd494b476d3b297a5473faf97460edb9c6edf3f276bab052a4ab4ae63e27a3a17', '2025-11-09 03:29:27', '2025-10-10 12:29:27'),
	(128, 18, '0d587f5cc007890c62d9dddc94dfa7770a5f123d67f21f4cc297f616c37a1f27', '2025-11-09 20:16:17', '2025-10-11 05:16:17'),
	(129, 18, '6cb4477ac63583987ba1a89d63a05d9a3cc004a70064979215d7dac197da4599', '2025-11-09 22:39:45', '2025-10-11 07:39:45'),
	(130, 18, '9dd32b8a585c41e3f8e8240e3f4a97c72c9e2ebecec492112f3a985a791eedf5', '2025-11-10 02:02:50', '2025-10-11 11:02:50'),
	(131, 6, '6d1fab1d10b555697e42cc742788fe751c3e9601a46c4cd645a86f09fe516442', '2025-11-11 23:12:26', '2025-10-13 08:12:26'),
	(132, 18, 'd2160acddd1e616262fe88ffc9f67ada74d98001135aca72f1c1343189092f35', '2025-11-11 23:28:41', '2025-10-13 08:28:41'),
	(133, 19, '6bfb9d6499cda7a85a611604ed77005139b77c0dd9338bfcac6e09bea3dfb1f9', '2025-11-12 01:18:18', '2025-10-13 10:18:18'),
	(134, 6, '88a9f8d94caf6a1412491bbb80bf695050e3f1450accfa9330a8b158c6c6c650', '2025-11-12 03:04:45', '2025-10-13 12:04:45'),
	(135, 18, 'b1f179132b09cd2162cc76d9731aadcc5ac44fb0c3a76dec313991e9a8f106f4', '2025-11-12 23:41:18', '2025-10-14 08:41:18'),
	(136, 19, '353b6b53ea48a1af7cdc39ec3070077fe9cf21f5e95b5e083180af99785c597f', '2025-11-13 14:40:28', '2025-10-14 23:40:28'),
	(137, 19, '302dce9ec2b8f5a1079fefeec30832dd20ed167f67b8c659b97f538ecc65d750', '2025-11-13 22:46:39', '2025-10-15 07:46:39'),
	(138, 18, 'bff544a46d1facb8cb0656a6a418461e638f3ed2b6f860a04a5c3f7c935f889b', '2025-11-13 23:49:07', '2025-10-15 08:49:07'),
	(139, 18, '3773c4133f66a5003c6717863a616f6da526d657457b2c8dbe428f061e3ea941', '2025-11-14 01:59:35', '2025-10-15 10:59:35'),
	(140, 18, 'b104fe175bbcd32902221eab067e8b03d6976673bbac74bbe59d105a9c5a2353', '2025-11-14 23:57:43', '2025-10-16 08:57:43'),
	(141, 19, '29130d33649fbcc34be9e9dec42a3a9070a0572c18b3d661e181be002db816bb', '2025-11-15 23:34:14', '2025-10-17 08:34:14'),
	(142, 18, 'c66fbf2aaa335442076e8633f1438aaab7c386c182746bba4bcad02665c726aa', '2025-11-15 23:36:58', '2025-10-17 08:36:58'),
	(143, 19, '27b1d41d7d5eec5c7b0a8125944f0884f7a513ebcb53281fbdfcfb13a8016d21', '2025-11-16 02:07:34', '2025-10-17 11:07:34'),
	(144, 18, 'ed365624feae437e1b711b5b59b16a30635c19ffbb492156dd42eb05c0dcf971', '2025-11-16 14:25:02', '2025-10-17 23:25:02'),
	(145, 18, '4812c250ccd58cb709b8aaa42f038893ec255b6bfe9ba601fa4eb55cc7eb977f', '2025-11-18 23:44:59', '2025-10-20 08:44:59'),
	(146, 6, '84e820da98ac8832a0844186666af9f92bd59a52fde4a65b32fae6cbb2897f6a', '2025-11-19 02:18:48', '2025-10-20 11:18:48'),
	(147, 18, '2a29f02a33e350a3d102d1a0edd7b6b71977d4b257054a8abea45d150544ead9', '2025-11-19 23:49:00', '2025-10-21 08:49:00'),
	(148, 6, '54410ad4455acca6c1aeb72a6e87a025611c24a4506d7f28cbcc687c6112aab6', '2025-11-20 17:38:39', '2025-10-22 02:38:39'),
	(149, 18, '6edcef5cfd6b0c2a649ce1b5a5e9c798e00c468ec7d5bc6eb31d7552f2b2df5d', '2025-11-20 23:33:51', '2025-10-22 08:33:51'),
	(150, 18, '3c0c55027d31cd1c5bd3b2be1f41917194453d985103ab012b6aad2444a506f3', '2025-11-21 00:04:03', '2025-10-22 09:04:03'),
	(151, 18, 'cebd76c5633fb731418ea4d95941600ae5d91f605060ab5e86372adb50097d86', '2025-11-22 00:14:19', '2025-10-23 09:14:19'),
	(152, 18, '687d715d918766f3b3a821d8a65670a3668b3b526ed4e9cc11836c88f6b8a0f1', '2025-11-22 00:14:43', '2025-10-23 09:14:43'),
	(153, 18, '8adee57c9773de095a6eeeb7718375cf7de69f7489825ad3fa5d431b0ae18bef', '2025-11-22 21:59:41', '2025-10-24 06:59:41'),
	(154, 18, '625acce14c70f9e66c2b47abc66911d6a925efd18c7c3479b19e1bc5bb91af9d', '2025-11-23 23:51:23', '2025-10-25 08:51:23'),
	(155, 18, 'a57d74152e15301f90bbe16774acda8c8feb199d76bedbcc07ceec026c55cc5c', '2025-11-25 23:31:24', '2025-10-27 08:31:24'),
	(156, 18, '73e078c4204a56b5a29cdcfd76be62df3271acdc1c45d5c44f99ec9c11404da9', '2025-11-26 00:20:00', '2025-10-27 09:20:00'),
	(157, 6, '63203f3bdadbb765a3cb5250e04bf78f2a9935639db4cdd450a73f887facb1ba', '2025-11-26 01:41:23', '2025-10-27 10:41:23'),
	(158, 6, 'bb32c37f735ee165e0a3bcb54afeafc7765d9809bc2bdf56e7e1b20b192e693d', '2025-11-26 22:36:18', '2025-10-28 07:36:18'),
	(159, 6, 'c6a06be2bf1ea96bbe71d50357eeb560c5ed1b3113b817113383a33268cbf8a1', '2025-11-27 01:24:25', '2025-10-28 10:24:25'),
	(160, 18, '0018d818f29573b3b8aa0a950e6343b789dc68b463998d026db42f2e076a6ddc', '2025-11-27 23:05:27', '2025-10-29 08:05:27'),
	(161, 18, 'd733e9219f537833f0fc927874f8283142505fa442f9c269d45e2176e39ae85d', '2025-11-27 23:15:48', '2025-10-29 08:15:48'),
	(162, 18, '82dd2f330fe1efe7a138a653b98996e3a9c3b82cc6e72fdb9227db84b4eec501', '2025-11-28 00:30:33', '2025-10-29 09:30:33'),
	(163, 18, 'b7cba8285268908f42a75dbb50438a068a160fade6e966b4bbb22b5d05302bdf', '2025-11-29 00:34:25', '2025-10-30 09:34:25'),
	(164, 18, '94ab92b5c11a742becaa6d155dad14d06fd39ccc83667322b1dbb615e89a12d2', '2025-11-29 01:14:49', '2025-10-30 10:14:49'),
	(165, 18, '7d64564383aa262c6011ca866ae32fe1b8a3d3113b3b714137a35e3387a32320', '2025-11-30 00:40:31', '2025-10-31 09:40:31'),
	(166, 18, 'de585c0f2ed6f0625bb678158e249d9cb3316e3f3dbc595df9401265db44f8d6', '2025-11-30 15:32:58', '2025-11-01 00:32:58'),
	(167, 18, '9c77b69fef34fc651282fc59ab2a298b24702a167329a043e6abb817c965b3e7', '2025-12-03 00:36:09', '2025-11-03 09:36:09'),
	(168, 17, '8f78e57c192dcc7c08224a08e2ec1718544c7807c4433072ad7beea5a870cd33', '2025-12-03 01:36:01', '2025-11-03 10:36:01'),
	(169, 6, '97170268c2deaaf324ee30124bb99c97703b23d813598733b0e2a67ebf0a0538', '2025-12-03 01:38:43', '2025-11-03 10:38:43'),
	(170, 29, '60d9ca7c283ddb7c8cf623e2681b70fcd46ee3e6886f133268a61581404d16d7', '2025-12-03 02:34:44', '2025-11-03 11:34:44');

-- 테이블 hellchang.trainer_assessments 구조 내보내기
CREATE TABLE IF NOT EXISTS `trainer_assessments` (
  `id` int(11) NOT NULL AUTO_INCREMENT,
  `trainer_id` int(11) NOT NULL,
  `member_id` int(11) NOT NULL,
  `assessment_date` date NOT NULL,
  `category` enum('strength','endurance','flexibility','body_composition','overall') DEFAULT 'overall',
  `score` decimal(3,1) DEFAULT NULL CHECK (`score` >= 0 and `score` <= 10),
  `notes` text DEFAULT NULL,
  `next_goal` text DEFAULT NULL,
  `created_at` datetime DEFAULT current_timestamp(),
  `updated_at` datetime DEFAULT current_timestamp() ON UPDATE current_timestamp(),
  PRIMARY KEY (`id`),
  KEY `member_id` (`member_id`),
  KEY `idx_trainer_assessments_trainer_member` (`trainer_id`,`member_id`),
  CONSTRAINT `trainer_assessments_ibfk_1` FOREIGN KEY (`trainer_id`) REFERENCES `users` (`id`) ON DELETE CASCADE,
  CONSTRAINT `trainer_assessments_ibfk_2` FOREIGN KEY (`member_id`) REFERENCES `users` (`id`) ON DELETE CASCADE
) ENGINE=InnoDB DEFAULT CHARSET=utf8mb4 COLLATE=utf8mb4_general_ci;

-- 테이블 데이터 hellchang.trainer_assessments:~0 rows (대략적) 내보내기

-- 테이블 hellchang.trainer_comments 구조 내보내기
CREATE TABLE IF NOT EXISTS `trainer_comments` (
  `id` int(11) NOT NULL AUTO_INCREMENT,
  `trainer_id` int(11) NOT NULL,
  `member_id` int(11) NOT NULL,
  `workout_session_id` int(11) DEFAULT NULL,
  `comment_type` enum('general','workout_feedback','progress_note','goal_setting') DEFAULT 'general',
  `title` varchar(255) NOT NULL,
  `content` text NOT NULL,
  `is_private` tinyint(1) DEFAULT 0,
  `created_at` datetime DEFAULT current_timestamp(),
  `updated_at` datetime DEFAULT current_timestamp() ON UPDATE current_timestamp(),
  PRIMARY KEY (`id`),
  KEY `member_id` (`member_id`),
  KEY `idx_trainer_comments_trainer_member` (`trainer_id`,`member_id`),
  CONSTRAINT `trainer_comments_ibfk_1` FOREIGN KEY (`trainer_id`) REFERENCES `users` (`id`) ON DELETE CASCADE,
  CONSTRAINT `trainer_comments_ibfk_2` FOREIGN KEY (`member_id`) REFERENCES `users` (`id`) ON DELETE CASCADE
) ENGINE=InnoDB DEFAULT CHARSET=utf8mb4 COLLATE=utf8mb4_general_ci;

-- 테이블 데이터 hellchang.trainer_comments:~0 rows (대략적) 내보내기

-- 테이블 hellchang.trainer_permissions 구조 내보내기
CREATE TABLE IF NOT EXISTS `trainer_permissions` (
  `id` int(11) NOT NULL AUTO_INCREMENT,
  `trainer_id` int(11) NOT NULL,
  `member_id` int(11) NOT NULL,
  `can_view_workouts` tinyint(1) DEFAULT 1,
  `can_view_body_data` tinyint(1) DEFAULT 0,
  `can_create_schedules` tinyint(1) DEFAULT 1,
  `can_add_comments` tinyint(1) DEFAULT 1,
  `can_assess` tinyint(1) DEFAULT 1,
  `can_edit_goals` tinyint(1) DEFAULT 0,
  `created_at` datetime DEFAULT current_timestamp(),
  `updated_at` datetime DEFAULT current_timestamp() ON UPDATE current_timestamp(),
  PRIMARY KEY (`id`),
  UNIQUE KEY `unique_permission` (`trainer_id`,`member_id`),
  KEY `member_id` (`member_id`),
  CONSTRAINT `trainer_permissions_ibfk_1` FOREIGN KEY (`trainer_id`) REFERENCES `users` (`id`) ON DELETE CASCADE,
  CONSTRAINT `trainer_permissions_ibfk_2` FOREIGN KEY (`member_id`) REFERENCES `users` (`id`) ON DELETE CASCADE
) ENGINE=InnoDB AUTO_INCREMENT=8 DEFAULT CHARSET=utf8mb4 COLLATE=utf8mb4_general_ci;

-- 테이블 데이터 hellchang.trainer_permissions:~0 rows (대략적) 내보내기

-- 테이블 hellchang.trainer_relationships 구조 내보내기
CREATE TABLE IF NOT EXISTS `trainer_relationships` (
  `id` int(11) NOT NULL AUTO_INCREMENT,
  `trainer_id` int(11) NOT NULL,
  `member_id` int(11) NOT NULL,
  `status` enum('pending','approved','rejected','terminated') DEFAULT 'pending',
  `request_date` datetime DEFAULT current_timestamp(),
  `approval_date` datetime DEFAULT NULL,
  `termination_date` datetime DEFAULT NULL,
  `created_at` datetime DEFAULT current_timestamp(),
  `updated_at` datetime DEFAULT current_timestamp() ON UPDATE current_timestamp(),
  PRIMARY KEY (`id`),
  UNIQUE KEY `unique_relationship` (`trainer_id`,`member_id`),
  KEY `idx_trainer_relationships_trainer` (`trainer_id`),
  KEY `idx_trainer_relationships_member` (`member_id`),
  KEY `idx_trainer_relationships_status` (`status`),
  CONSTRAINT `trainer_relationships_ibfk_1` FOREIGN KEY (`trainer_id`) REFERENCES `users` (`id`) ON DELETE CASCADE,
  CONSTRAINT `trainer_relationships_ibfk_2` FOREIGN KEY (`member_id`) REFERENCES `users` (`id`) ON DELETE CASCADE
) ENGINE=InnoDB AUTO_INCREMENT=8 DEFAULT CHARSET=utf8mb4 COLLATE=utf8mb4_general_ci;

-- 테이블 데이터 hellchang.trainer_relationships:~0 rows (대략적) 내보내기

-- 테이블 hellchang.trainer_schedules 구조 내보내기
CREATE TABLE IF NOT EXISTS `trainer_schedules` (
  `id` int(11) NOT NULL AUTO_INCREMENT,
  `trainer_id` int(11) NOT NULL,
  `member_id` int(11) NOT NULL,
  `schedule_date` date NOT NULL,
  `start_time` time NOT NULL,
  `end_time` time NOT NULL,
  `activity_type` enum('workout','consultation','assessment','other') DEFAULT 'workout',
  `title` varchar(255) NOT NULL,
  `description` text DEFAULT NULL,
  `status` enum('scheduled','completed','cancelled') DEFAULT 'scheduled',
  `created_at` datetime DEFAULT current_timestamp(),
  `updated_at` datetime DEFAULT current_timestamp() ON UPDATE current_timestamp(),
  PRIMARY KEY (`id`),
  KEY `member_id` (`member_id`),
  KEY `idx_trainer_schedules_date` (`schedule_date`),
  KEY `idx_trainer_schedules_trainer_member` (`trainer_id`,`member_id`),
  CONSTRAINT `trainer_schedules_ibfk_1` FOREIGN KEY (`trainer_id`) REFERENCES `users` (`id`) ON DELETE CASCADE,
  CONSTRAINT `trainer_schedules_ibfk_2` FOREIGN KEY (`member_id`) REFERENCES `users` (`id`) ON DELETE CASCADE
) ENGINE=InnoDB DEFAULT CHARSET=utf8mb4 COLLATE=utf8mb4_general_ci;

-- 테이블 데이터 hellchang.trainer_schedules:~0 rows (대략적) 내보내기

-- 테이블 hellchang.users 구조 내보내기
CREATE TABLE IF NOT EXISTS `users` (
  `id` int(11) NOT NULL AUTO_INCREMENT,
  `kakao_id` bigint(20) DEFAULT NULL,
  `username` varchar(100) NOT NULL,
  `email` varchar(255) DEFAULT NULL,
  `profile_image` varchar(500) DEFAULT NULL,
  `created_at` timestamp NULL DEFAULT current_timestamp(),
  `updated_at` timestamp NULL DEFAULT current_timestamp() ON UPDATE current_timestamp(),
  `is_active` tinyint(1) NOT NULL DEFAULT 1,
  `password` varchar(255) DEFAULT NULL,
  PRIMARY KEY (`id`) USING BTREE,
  UNIQUE KEY `email` (`email`) USING BTREE,
  UNIQUE KEY `kakao_id` (`kakao_id`) USING BTREE,
  KEY `idx_users_kakao_id` (`kakao_id`) USING BTREE
) ENGINE=InnoDB AUTO_INCREMENT=30 DEFAULT CHARSET=utf8mb4 COLLATE=utf8mb4_general_ci;

-- 테이블 데이터 hellchang.users:~6 rows (대략적) 내보내기
INSERT IGNORE INTO `users` (`id`, `kakao_id`, `username`, `email`, `profile_image`, `created_at`, `updated_at`, `is_active`, `password`) VALUES
	(6, 4351964716, '라그리마', 'kakao_4351964716@hellchang.com', 'http://k.kakaocdn.net/dn/cAmkWq/btsyPBsH7bM/MZvR2kmF4RaQGOPrEEyfp1/img_640x640.jpg', '2025-08-28 00:52:05', '2025-11-03 10:38:43', 1, NULL),
	(17, 4413496390, '.', 'kakao_4413496390@hellchang.com', 'http://k.kakaocdn.net/dn/cf71cR/dJMcadf0Fhd/IJbQkQKkaKNBuRZBQcJ5FK/img_640x640.jpg', '2025-09-11 08:51:08', '2025-11-03 10:36:01', 1, NULL),
	(18, 4463716208, '미해', 'kakao_4463716208@hellchang.com', 'http://k.kakaocdn.net/dn/GxDwV/btsOVE8WHAf/visV8NbLytnbHnh3RZcVl1/img_640x640.jpg', '2025-09-24 10:12:31', '2025-11-03 09:36:09', 1, NULL),
	(19, 4463720048, '박은미', 'kakao_4463720048@hellchang.com', 'http://img1.kakaocdn.net/thumb/R640x640.q70/?fname=http://t1.kakaocdn.net/account_images/default_profile.jpeg', '2025-09-24 10:14:47', '2025-10-17 11:07:34', 1, NULL),
	(20, 4463753934, '영남❤️', 'kakao_4463753934@hellchang.com', 'http://img1.kakaocdn.net/thumb/R640x640.q70/?fname=http://t1.kakaocdn.net/account_images/default_profile.jpeg', '2025-09-24 10:34:56', '2025-09-24 10:34:56', 1, NULL),
	(29, 4526563104, '구민준', 'kakao_4526563104@hellchang.com', 'http://k.kakaocdn.net/dn/do03OV/btsQR4Eo3cb/gBm5K5rtddv1N9o0Bqk3qk/img_640x640.jpg', '2025-11-03 11:34:44', '2025-11-03 11:34:44', 1, NULL);

/*!40103 SET TIME_ZONE=IFNULL(@OLD_TIME_ZONE, 'system') */;
/*!40101 SET SQL_MODE=IFNULL(@OLD_SQL_MODE, '') */;
/*!40014 SET FOREIGN_KEY_CHECKS=IFNULL(@OLD_FOREIGN_KEY_CHECKS, 1) */;
/*!40101 SET CHARACTER_SET_CLIENT=@OLD_CHARACTER_SET_CLIENT */;
/*!40111 SET SQL_NOTES=IFNULL(@OLD_SQL_NOTES, 1) */;
